sex,birth,education,grade,income,pa_mar,edu_fa,edu_ma,have_c,conway,sleep,pa_use,trouble,self_diag,f1,f2,f3,f4,f5,f6,f7,scr,fac,lon,eff,d
2,1968,3,2,3,1,3,5,1,2,1,3,3,2,58.18,68.34,48.14,53.93,55.44,50.96,45.98,27,52,48,57,10.16
1,1988,2,2,6,1,10,11,1,1,4,1,4,2,43.83,43.8,42.89,45.51,49.19,43.87,42.88,37,34,21,75,-0.03
1,1988,2,4,2,1,9,5,1,1,3,2,4,2,45.88,43.8,63.88,42.7,67.94,50.96,52.17,28,56,37,40,-2.08
2,1989,2,4,1,1,8,4,1,1,3,4,4,1,56.13,43.8,50.76,39.89,58.56,65.14,55.26,25,49,51,60,-12.33
1,1990,2,2,3,1,9,5,1,1,4,2,3,2,37.68,43.8,48.14,45.51,39.81,40.32,45.98,29,53,39,59,6.12
1,1989,2,3,3,1,5,2,1,1,3,1,3,2,52.03,49.94,56.01,56.74,52.31,54.5,67.65,32,58,25,66,-2.09
1,1988,2,3,1,2,4,5,1,3,2,4,3,1,41.78,43.8,40.26,48.31,46.06,43.87,39.78,25,52,35,65,2.02
1,1988,2,3,3,1,5,5,1,1,3,2,4,3,54.08,43.8,58.64,56.74,58.56,50.96,58.36,32,58,35,44,-10.28
1,1989,2,4,3,5,7,7,1,1,4,1,4,2,54.08,43.8,48.14,42.7,39.81,58.05,67.65,29,52,33,57,-10.28
1,1987,2,1,2,1,9,9,1,1,4,2,3,2,60.23,68.34,56.01,59.55,58.56,58.05,76.93,33,61,49,48,8.11
1,1987,2,3,2,1,5,5,1,1,3,1,3,3,54.08,49.94,56.01,51.12,61.69,58.05,58.36,37,35,43,58,-4.14
1,1987,2,4,2,1,5,5,1,3,3,4,3,2,39.73,43.8,40.26,51.12,39.81,50.96,49.07,25,31,29,85,4.07
1,1988,2,5,1,1,1,5,1,3,3,3,3,3,90.96,99.02,77.01,87.64,83.56,104.15,80.03,29,62,50,69,8.06
2,1987,2,3,3,1,5,5,1,3,4,1,5,1,39.73,43.8,53.39,45.51,55.44,43.87,49.07,32,48,35,71,4.07
1,1989,2,5,2,1,5,5,1,2,3,4,3,3,52.03,43.8,48.14,45.51,42.94,40.32,49.07,20,60,56,40,-8.23
2,1988,2,1,3,1,9,9,1,2,3,1,3,2,39.73,43.8,45.51,45.51,39.81,43.87,42.88,30,51,35,59,4.07
1,1987,2,3,2,1,9,5,1,1,3,2,4,3,39.73,43.8,53.39,48.31,39.81,47.41,45.98,26,53,50,51,4.07
1,1984,3,3,4,1,5,3,1,4,3,1,3,2,56.13,49.94,66.51,67.98,80.44,50.96,64.55,22,54,62,52,-6.19
1,1984,3,5,3,1,5,5,1,1,3,2,2,3,54.08,43.8,45.51,45.51,46.06,43.87,49.07,30,51,29,64,-10.28
2,1987,2,2,3,1,5,3,1,3,3,3,3,2,39.73,43.8,37.64,39.89,46.06,50.96,49.07,38,44,28,61,4.07
1,1987,2,3,2,5,5,3,1,2,4,4,4,2,37.68,43.8,45.51,51.12,58.56,50.96,42.88,35,50,24,80,6.12
1,1989,2,1,3,1,3,5,1,2,4,4,3,2,45.88,43.8,50.76,53.93,42.94,50.96,52.17,31,37,25,77,-2.08
1,1988,2,3,3,1,9,9,1,1,2,4,4,3,70.47,92.88,56.01,70.79,64.81,65.14,67.65,28,58,41,62,22.41
1,1984,3,2,3,1,9,5,1,1,1,2,3,2,49.98,43.8,58.64,45.51,58.56,50.96,45.98,31,55,28,84,-6.18
1,1986,3,2,2,1,3,5,1,1,2,4,4,2,58.18,49.94,48.14,51.12,55.44,50.96,52.17,32,61,45,50,-8.24
1,1986,3,1,6,1,9,9,1,1,3,1,2,4,58.18,49.94,58.64,67.98,42.94,61.6,67.65,29,60,43,37,-8.24
1,1987,2,2,3,1,5,5,1,3,3,3,3,3,49.98,56.07,40.26,45.51,42.94,47.41,45.98,27,46,33,69,6.09
1,1988,2,3,2,1,5,5,1,1,3,2,4,2,47.93,49.94,66.51,59.55,55.44,61.6,42.88,28,48,30,67,2.01
1,1985,3,2,3,1,9,9,1,1,3,2,2,4,41.78,43.8,37.64,53.93,39.81,50.96,58.36,28,51,30,66,2.02
1,1988,2,4,2,2,9,9,1,1,3,2,3,2,52.03,43.8,37.64,37.08,42.94,43.87,45.98,31,52,30,68,-8.23
1,1974,3,2,6,1,5,1,1,1,2,2,3,3,58.18,43.8,45.51,53.93,39.81,40.32,52.17,26,51,65,58,-14.38
1,1989,2,1,1,1,10,10,1,1,2,1,3,2,52.03,43.8,79.63,70.79,52.31,58.05,70.74,26,46,38,63,-8.23
1,1989,2,3,4,1,9,7,1,1,3,2,3,2,52.03,56.07,58.64,48.31,39.81,58.05,49.07,26,59,52,59,4.04
1,1989,2,4,2,1,3,3,1,2,4,1,2,2,62.27,43.8,66.51,56.74,83.56,54.5,55.26,29,47,31,78,-18.47
1,1987,3,4,3,1,5,5,1,1,3,3,4,1,37.68,43.8,50.76,42.7,49.19,40.32,33.59,41,43,25,61,6.12
1,1988,2,2,2,1,9,11,1,1,3,1,5,2,35.64,43.8,37.64,37.08,36.69,40.32,33.59,28,29,48,76,8.16
1,1984,3,3,3,1,9,2,1,2,3,2,2,2,54.08,43.8,50.76,48.31,42.94,43.87,39.78,42,37,27,74,-10.28
1,1989,2,3,2,1,9,5,1,1,4,1,5,1,35.64,43.8,40.26,39.89,46.06,40.32,36.69,39,30,21,89,8.16
2,1984,3,1,6,1,7,5,1,2,2,1,5,1,35.64,43.8,50.76,37.08,46.06,40.32,33.59,35,27,27,81,8.16
1,1986,3,3,3,1,5,5,1,1,2,2,3,3,56.13,62.21,45.51,42.7,61.69,50.96,45.98,30,52,33,64,6.08
1,1989,2,1,4,1,5,3,1,3,2,4,4,2,37.68,43.8,56.01,39.89,64.81,43.87,45.98,35,43,39,61,6.12
1,1987,3,1,2,1,2,1,1,1,2,2,1,3,86.86,80.61,69.13,65.17,77.31,79.33,76.93,25,57,42,47,-6.25
2,1987,2,3,4,1,7,5,1,1,3,4,3,2,45.88,43.8,45.51,56.74,39.81,47.41,52.17,35,46,20,75,-2.08
1,1988,2,2,3,1,5,5,1,1,3,4,2,3,56.13,56.07,56.01,65.17,55.44,72.23,64.55,21,61,67,50,-0.06
1,1987,2,3,2,1,7,7,1,1,3,4,4,3,58.18,62.21,42.89,45.51,74.19,50.96,52.17,31,67,44,44,4.03
1,1987,3,3,4,1,9,5,1,1,3,4,3,1,43.83,56.07,56.01,51.12,52.31,50.96,45.98,32,44,28,51,12.24
1,1988,2,2,2,1,3,5,1,1,4,4,4,2,49.98,43.8,48.14,48.31,46.06,47.41,42.88,42,42,22,84,-6.18
2,1987,2,1,2,1,9,5,1,1,3,1,3,3,39.73,43.8,63.88,59.55,61.69,43.87,64.55,42,32,23,88,4.07
1,1989,2,1,3,1,5,1,1,1,4,4,3,3,56.13,74.48,58.64,51.12,58.56,54.5,58.36,27,43,37,62,18.35
1,1986,3,1,3,2,5,9,1,1,2,3,5,1,37.68,43.8,58.64,42.7,58.56,43.87,45.98,27,30,44,93,6.12
2,1986,3,2,3,1,9,5,1,1,2,2,4,2,45.88,43.8,48.14,56.74,49.19,58.05,55.26,31,54,33,48,-2.08
1,1988,2,5,4,1,7,5,1,3,3,4,4,3,54.08,43.8,40.26,42.7,52.31,40.32,58.36,28,61,32,57,-10.28
2,1986,3,1,2,1,1,1,1,1,3,4,5,3,56.13,43.8,63.88,45.51,49.19,54.5,45.98,28,55,44,57,-12.33
2,1985,3,5,5,1,9,9,1,1,2,3,5,1,35.64,43.8,42.89,56.74,39.81,40.32,49.07,27,41,40,71,8.16
1,1988,2,3,3,1,5,5,1,1,3,4,3,3,49.98,49.94,71.76,62.36,71.06,47.41,39.78,33,50,30,59,-0.04
2,1987,2,1,2,1,9,8,1,1,2,1,3,2,45.88,43.8,56.01,67.98,71.06,50.96,55.26,11,65,65,31,-2.08
1,1987,2,3,2,1,5,5,1,1,3,1,3,2,54.08,43.8,45.51,51.12,49.19,50.96,49.07,31,49,38,73,-10.28
1,1985,3,1,2,1,7,3,1,1,1,2,5,2,37.68,43.8,50.76,42.7,61.69,40.32,36.69,33,33,29,86,6.12
1,1986,3,1,3,1,9,5,1,1,2,4,3,3,45.88,49.94,53.39,48.31,39.81,54.5,55.26,30,35,38,88,4.06
2,1987,3,3,1,5,9,5,1,1,3,4,4,4,66.37,56.07,53.39,59.55,58.56,50.96,73.84,28,55,53,51,-10.3
1,1988,2,1,4,1,5,3,1,3,3,3,5,1,45.88,56.07,42.89,51.12,46.06,54.5,49.07,33,54,43,59,10.19
2,1989,2,4,2,1,1,5,1,1,2,3,5,2,39.73,43.8,74.38,59.55,52.31,40.32,42.88,31,61,31,49,4.07
1,1987,2,3,4,1,9,9,1,1,2,1,2,2,56.13,68.34,50.76,56.74,55.44,61.6,58.36,32,51,52,57,12.21
1,1984,3,3,2,1,7,5,1,1,3,2,3,2,49.98,43.8,37.64,53.93,39.81,43.87,64.55,35,46,32,75,-6.18
1,1985,3,2,2,1,1,1,1,1,4,4,2,3,74.57,43.8,74.38,87.64,55.44,86.42,76.93,30,59,35,56,-30.77
2,1984,3,3,2,1,3,3,1,4,3,4,4,1,41.78,43.8,42.89,39.89,42.94,47.41,39.78,30,53,46,44,2.02
2,1986,3,4,3,1,1,1,1,2,2,2,3,2,54.08,49.94,50.76,51.12,58.56,58.05,45.98,27,58,38,54,-4.14
1,1988,2,1,2,1,9,5,1,3,2,1,3,2,47.93,43.8,53.39,48.31,71.06,58.05,42.88,34,50,49,55,-4.13
2,1988,2,1,6,1,10,7,1,1,2,1,2,4,58.18,62.21,69.13,62.36,58.56,61.6,70.74,27,55,51,59,4.03
1,1989,2,2,2,1,9,9,1,1,4,3,3,2,49.98,43.8,50.76,45.51,49.19,68.69,39.78,28,51,53,50,-6.18
1,1989,2,2,3,1,5,5,1,1,3,1,3,3,54.08,49.94,50.76,53.93,55.44,68.69,58.36,29,58,50,57,-4.14
1,1985,3,4,2,1,1,3,2,0,4,4,5,2,37.68,43.8,42.89,42.7,55.44,43.87,45.98,25,53,50,51,6.12
1,1987,2,4,2,1,9,5,1,1,2,3,2,2,62.27,56.07,63.88,67.98,77.31,75.78,52.17,27,64,45,42,-6.2
2,1988,2,4,2,1,5,3,1,1,2,2,3,2,54.08,49.94,42.89,59.55,49.19,58.05,45.98,30,52,45,57,-4.14
1,1985,3,2,6,1,1,5,1,1,4,2,5,1,41.78,56.07,50.76,45.51,36.69,43.87,45.98,28,57,49,51,14.29
2,1989,2,4,6,1,9,5,1,3,3,1,3,3,62.27,43.8,48.14,53.93,55.44,50.96,52.17,32,61,25,55,-18.47
1,1986,3,5,5,1,9,5,1,1,3,4,3,3,76.62,92.88,66.51,87.64,77.31,82.87,80.03,25,64,56,58,16.26
2,1989,2,2,2,1,5,5,1,1,3,1,2,2,45.88,43.8,37.64,42.7,42.94,40.32,49.07,39,48,22,79,-2.08
2,1987,2,4,2,1,5,9,1,1,4,2,3,3,54.08,49.94,71.76,51.12,61.69,58.05,52.17,22,67,32,62,-4.14
2,1988,2,3,3,1,9,5,1,1,4,1,4,1,47.93,43.8,48.14,51.12,49.19,61.6,61.46,38,60,31,71,-4.13
1,1989,2,3,1,1,10,9,1,4,2,2,2,2,54.08,43.8,42.89,45.51,49.19,58.05,61.46,30,47,50,70,-10.28
1,1987,2,4,3,2,9,5,1,3,4,2,2,2,64.32,62.21,42.89,48.31,58.56,47.41,45.98,28,73,24,54,-2.11
2,1990,2,1,3,1,9,9,1,1,2,2,3,4,78.67,43.8,79.63,87.64,77.31,79.33,76.93,33,52,41,46,-34.87
2,1986,3,4,2,1,3,2,1,5,3,2,3,1,52.03,62.21,56.01,53.93,52.31,58.05,55.26,28,58,48,53,10.18
2,1987,2,2,3,1,9,9,1,1,4,4,4,4,56.13,49.94,71.76,70.79,61.69,47.41,58.36,28,53,39,61,-6.19
2,1984,3,1,2,1,9,7,1,1,2,2,5,1,41.78,43.8,50.76,48.31,61.69,43.87,39.78,39,52,28,59,2.02
1,1987,2,1,6,1,11,11,1,3,3,1,2,3,70.47,74.48,66.51,67.98,67.94,68.69,52.17,31,56,51,63,4.01
2,1987,3,3,2,1,7,5,1,1,4,1,4,1,35.64,43.8,40.26,37.08,39.81,43.87,42.88,37,49,22,60,8.16
1,1987,2,5,4,5,7,7,1,1,2,4,5,4,72.52,99.02,77.01,56.74,74.19,72.23,61.46,29,62,50,69,26.5
2,1989,2,4,3,1,5,5,1,1,3,2,4,3,49.98,43.8,37.64,42.7,64.81,58.05,55.26,25,58,51,57,-6.18
2,1985,3,3,2,1,5,5,1,1,4,4,3,4,60.23,62.21,82.26,87.64,64.81,54.5,64.55,23,40,74,54,1.98
1,1989,2,4,6,1,9,11,1,1,3,1,3,2,49.98,56.07,48.14,42.7,46.06,47.41,55.26,25,56,33,44,6.09
1,1984,3,3,3,1,5,5,1,2,3,4,3,3,62.27,68.34,66.51,59.55,67.94,58.05,64.55,31,55,47,63,6.07
2,1984,3,2,4,1,9,9,1,1,2,4,4,1,47.93,49.94,37.64,45.51,52.31,43.87,45.98,22,60,49,58,2.01
1,1987,2,2,3,1,7,5,1,1,3,2,3,2,49.98,49.94,56.01,39.89,61.69,61.6,49.07,29,61,48,52,-0.04
1,1984,3,3,2,1,7,3,1,1,4,2,4,4,56.13,43.8,66.51,59.55,61.69,43.87,61.46,31,53,42,53,-12.33
2,1986,3,4,1,1,9,7,1,1,3,1,3,2,43.83,43.8,45.51,45.51,64.81,40.32,49.07,35,52,43,56,-0.03
1,1988,2,2,3,1,5,5,1,1,2,4,3,3,62.27,49.94,61.26,67.98,49.19,61.6,61.46,31,62,32,51,-12.33
1,1989,2,2,4,1,11,11,1,1,2,1,3,1,56.13,62.21,37.64,53.93,39.81,50.96,58.36,26,54,52,56,6.08
2,1987,2,3,2,1,9,5,1,1,4,3,2,2,72.52,68.34,71.76,70.79,80.44,50.96,55.26,29,62,49,61,-4.18
1,1985,3,1,2,1,5,3,1,1,4,4,4,2,66.37,62.21,56.01,51.12,49.19,68.69,49.07,25,54,45,61,-4.16
1,1985,3,2,2,1,3,3,1,3,2,4,3,2,43.83,56.07,58.64,51.12,46.06,47.41,42.88,26,56,43,57,12.24
2,1984,3,1,2,1,9,5,1,1,3,3,5,1,39.73,43.8,56.01,48.31,52.31,40.32,33.59,39,46,36,63,4.07
1,1984,3,4,2,1,5,3,1,3,2,4,4,2,45.88,49.94,40.26,39.89,52.31,43.87,49.07,38,45,35,66,4.06
1,1985,3,3,3,1,5,1,1,3,3,2,4,2,47.93,49.94,45.51,48.31,49.19,47.41,49.07,28,53,42,58,2.01
1,1988,2,3,3,1,7,9,1,1,2,1,3,2,74.57,68.34,61.26,62.36,74.19,54.5,67.65,29,52,56,59,-6.23
2,1984,3,1,1,1,1,1,1,2,2,4,5,4,60.23,43.8,58.64,67.98,39.81,40.32,61.46,44,39,24,87,-16.43
2,1985,3,3,6,1,9,5,1,1,2,1,3,3,47.93,49.94,56.01,51.12,55.44,54.5,67.65,44,56,25,75,2.01
1,1985,3,3,2,1,3,3,1,1,4,2,4,3,47.93,56.07,48.14,48.31,46.06,43.87,52.17,26,55,51,53,8.14
1,1984,3,2,2,1,4,9,1,1,3,4,3,2,49.98,43.8,56.01,39.89,42.94,43.87,39.78,40,36,24,87,-6.18
2,1985,3,2,1,1,7,5,1,1,3,2,3,2,60.23,43.8,45.51,48.31,52.31,58.05,52.17,27,59,47,51,-16.43
1,1988,2,1,3,1,5,5,1,6,2,2,5,3,52.03,43.8,63.88,59.55,61.69,47.41,42.88,30,37,26,77,-8.23
1,1989,2,2,2,1,5,5,1,1,3,2,2,3,56.13,43.8,37.64,48.31,39.81,43.87,58.36,31,54,35,62,-12.33
2,1989,2,3,2,1,3,5,1,5,3,4,3,1,52.03,74.48,56.01,51.12,83.56,47.41,45.98,39,67,34,47,22.45
2,1985,3,2,2,1,5,3,1,1,3,4,3,2,39.73,43.8,40.26,39.89,39.81,40.32,39.78,33,52,36,64,4.07
2,1984,3,3,2,1,9,9,1,1,3,3,3,2,39.73,43.8,37.64,37.08,36.69,43.87,45.98,35,45,34,71,4.07
2,1985,3,3,2,1,1,3,1,1,2,1,3,3,56.13,43.8,66.51,70.79,64.81,54.5,61.46,32,55,49,45,-12.33
1,1984,3,3,4,1,3,3,1,1,3,2,3,2,49.98,43.8,37.64,42.7,49.19,43.87,36.69,36,47,27,79,-6.18
2,1987,2,3,4,1,5,5,1,1,2,4,4,3,52.03,49.94,71.76,73.6,55.44,58.05,58.36,31,67,35,55,-2.09
1,1987,2,3,4,1,5,5,1,1,3,3,3,3,54.08,56.07,63.88,53.93,61.69,50.96,55.26,27,56,42,54,1.99
1,1988,2,5,1,1,1,5,1,1,2,2,2,3,49.98,43.8,50.76,42.7,46.06,54.5,45.98,27,50,43,59,-6.18
2,1989,2,3,4,1,5,5,1,1,2,4,3,1,45.88,49.94,48.14,45.51,61.69,58.05,42.88,27,55,45,56,4.06
2,1986,3,2,4,1,5,5,1,1,1,2,4,1,35.64,43.8,42.89,42.7,49.19,43.87,33.59,44,62,37,51,8.16
1,1984,3,3,1,1,5,5,1,2,3,1,4,2,35.64,43.8,37.64,37.08,36.69,40.32,33.59,26,53,52,51,8.16
1,1984,3,2,2,1,1,3,1,1,3,4,4,2,52.03,56.07,48.14,53.93,58.56,50.96,55.26,28,67,45,61,4.04
1,1987,2,2,2,1,1,3,1,1,3,4,3,2,66.37,56.07,61.26,62.36,67.94,72.23,45.98,26,57,50,55,-10.3
2,1987,3,2,5,1,7,5,1,1,3,4,4,2,35.64,43.8,37.64,37.08,42.94,43.87,36.69,28,43,29,78,8.16
1,1989,2,2,6,1,5,5,1,1,4,1,5,3,43.83,43.8,45.51,53.93,36.69,47.41,42.88,26,53,41,51,-0.03
1,1984,3,1,1,2,3,3,1,3,2,3,3,2,58.18,43.8,53.39,56.74,49.19,50.96,42.88,29,51,30,50,-14.38
2,1988,2,3,3,1,1,1,1,1,3,2,5,2,49.98,43.8,48.14,48.31,42.94,40.32,42.88,30,53,28,67,-6.18
1,1989,2,1,6,1,9,11,1,1,3,1,4,4,41.78,43.8,37.64,39.89,64.81,50.96,42.88,32,52,37,57,2.02
1,1989,2,3,3,1,5,4,1,1,3,3,4,2,41.78,43.8,66.51,53.93,61.69,47.41,39.78,32,48,41,67,2.02
1,1988,2,3,4,1,5,7,1,1,2,2,3,2,39.73,49.94,53.39,53.93,55.44,82.87,64.55,32,46,52,61,10.21
2,1985,3,5,6,1,5,3,1,1,2,4,4,1,35.64,43.8,37.64,39.89,36.69,40.32,39.78,26,53,49,56,8.16
1,1988,2,2,2,1,5,5,1,2,3,4,3,3,45.88,43.8,58.64,48.31,52.31,54.5,49.07,26,54,32,55,-2.08
2,1988,2,2,3,1,9,5,1,1,2,3,3,3,66.37,56.07,58.64,56.74,61.69,68.69,58.36,31,62,43,51,-10.3
1,1986,3,3,1,1,9,5,1,1,2,1,2,3,72.52,80.61,63.88,70.79,61.69,65.14,64.55,21,56,53,61,8.09
1,1987,2,3,3,1,9,9,1,1,3,1,4,1,37.68,43.8,53.39,42.7,55.44,43.87,52.17,37,50,35,59,6.12
2,1989,2,3,6,1,7,7,1,1,4,1,3,3,43.83,43.8,63.88,42.7,52.31,40.32,45.98,33,49,21,68,-0.03
1,1985,3,1,6,1,9,7,1,1,3,2,3,2,41.78,43.8,48.14,39.89,55.44,54.5,55.26,37,55,27,71,2.02
2,1987,2,3,1,1,3,4,1,1,4,1,3,3,54.08,43.8,56.01,51.12,74.19,50.96,61.46,37,55,29,47,-10.28
1,1985,3,2,2,1,5,5,1,1,2,4,2,3,64.32,92.88,61.26,67.98,67.94,65.14,58.36,27,57,46,65,28.56
2,1988,2,3,2,1,5,5,1,1,3,3,3,1,70.47,56.07,58.64,51.12,55.44,50.96,61.46,28,57,30,63,-14.4
1,1989,2,3,2,1,1,4,1,3,4,4,3,3,54.08,43.8,42.89,48.31,52.31,50.96,55.26,32,45,34,66,-10.28
2,1987,2,3,3,1,9,5,1,1,3,2,4,2,39.73,43.8,45.51,53.93,42.94,43.87,42.88,32,49,37,60,4.07
1,1989,2,4,2,1,5,5,1,1,3,2,2,3,72.52,43.8,56.01,62.36,55.44,54.5,64.55,33,65,35,44,-28.72
1,1987,2,1,4,1,1,5,1,5,4,2,3,3,49.98,43.8,45.51,62.36,39.81,58.05,49.07,28,48,41,52,-6.18
1,1985,3,3,2,1,5,3,1,3,2,2,2,3,68.42,49.94,50.76,65.17,58.56,65.14,58.36,33,45,36,70,-18.48
2,1984,3,4,2,1,5,5,1,1,3,1,3,3,58.18,43.8,45.51,53.93,52.31,40.32,52.17,30,61,37,57,-14.38
1,1989,2,2,3,5,3,1,1,4,3,4,2,1,37.68,56.07,66.51,53.93,49.19,58.05,58.36,28,52,44,54,18.39
2,1987,2,3,2,1,9,5,1,1,3,4,3,3,66.37,49.94,50.76,48.31,64.81,47.41,61.46,22,54,61,60,-16.43
1,1986,3,3,1,1,5,5,1,1,3,2,3,1,64.32,43.8,61.26,42.7,64.81,43.87,49.07,36,50,23,81,-20.52
1,1988,2,4,2,1,7,5,1,1,2,4,5,1,39.73,43.8,37.64,39.89,52.31,43.87,36.69,29,53,37,68,4.07
1,1985,3,4,5,1,5,5,1,2,3,4,4,2,60.23,49.94,53.39,48.31,39.81,58.05,61.46,29,51,51,59,-10.29
2,1989,2,3,2,2,5,5,1,1,2,4,4,3,66.37,56.07,84.88,87.64,83.56,58.05,67.65,26,50,48,49,-10.3
1,1984,3,4,5,1,9,3,1,2,3,2,1,4,72.52,80.61,56.01,76.4,67.94,82.87,73.84,29,60,52,63,8.09
1,1989,2,3,2,1,9,9,1,2,3,1,3,1,35.64,43.8,50.76,45.51,83.56,58.05,42.88,37,61,55,54,8.16
1,1985,3,4,2,1,5,5,1,1,3,2,4,3,68.42,62.21,66.51,73.6,74.19,61.6,64.55,23,72,61,50,-6.21
1,1989,2,2,4,1,9,5,1,1,3,2,3,4,56.13,56.07,61.26,39.89,49.19,58.05,45.98,28,52,56,53,-0.06
1,1986,3,2,2,1,3,5,1,1,3,4,3,2,35.64,43.8,37.64,37.08,36.69,40.32,33.59,26,53,50,51,8.16
1,1987,2,3,5,1,3,1,1,1,3,3,3,2,56.13,49.94,42.89,42.7,46.06,50.96,52.17,32,59,35,60,-6.19
2,1984,3,3,2,1,1,3,1,1,2,4,4,2,52.03,49.94,40.26,53.93,42.94,54.5,42.88,26,42,43,45,-2.09
2,1989,2,2,3,1,5,5,1,1,4,3,4,2,41.78,43.8,40.26,42.7,46.06,40.32,39.78,29,47,39,66,2.02
2,1989,2,4,3,1,9,5,1,1,2,1,3,2,47.93,43.8,42.89,45.51,49.19,68.69,49.07,26,58,45,57,-4.13
1,1987,2,1,2,1,9,9,1,1,3,2,3,3,56.13,43.8,50.76,59.55,58.56,58.05,58.36,30,43,28,79,-12.33
2,1989,2,5,3,1,5,5,1,1,3,4,5,4,54.08,43.8,50.76,51.12,52.31,47.41,61.46,30,67,25,42,-10.28
1,1985,3,5,1,1,5,5,1,1,2,4,1,4,84.82,68.34,69.13,87.64,74.19,61.6,80.03,33,49,65,49,-16.48
1,1985,3,4,3,1,9,5,1,1,3,1,3,3,66.37,56.07,45.51,59.55,64.81,58.05,58.36,33,53,35,62,-10.3
2,1989,2,5,2,1,5,3,1,1,2,4,5,2,86.86,92.88,79.63,79.21,77.31,86.42,52.17,17,63,49,60,6.02
2,1984,3,2,1,4,5,3,1,3,2,4,1,4,56.13,49.94,37.64,51.12,49.19,47.41,55.26,33,40,31,80,-6.19
2,1986,3,4,2,1,5,5,1,1,2,4,4,3,60.23,43.8,53.39,56.74,52.31,50.96,64.55,27,58,37,55,-16.43
1,1985,3,2,1,4,5,5,1,1,3,4,3,2,37.68,43.8,50.76,53.93,49.19,40.32,36.69,31,41,30,78,6.12
1,1987,2,3,2,5,5,5,1,1,3,4,3,2,56.13,43.8,61.26,59.55,61.69,47.41,64.55,28,66,38,58,-12.33
1,1985,3,4,6,1,9,5,1,1,2,1,2,3,62.27,49.94,42.89,48.31,58.56,47.41,39.78,31,59,29,73,-12.33
2,1988,2,4,6,1,7,6,1,1,3,1,4,3,76.62,43.8,77.01,53.93,80.44,50.96,55.26,31,63,45,51,-32.82
2,1984,3,3,3,1,5,5,1,1,3,4,2,3,54.08,43.8,53.39,53.93,42.94,40.32,49.07,27,63,38,53,-10.28
1,1987,2,3,2,1,5,3,1,1,4,3,4,2,45.88,43.8,50.76,51.12,77.31,54.5,58.36,37,57,50,54,-2.08
2,1985,3,2,2,1,5,3,1,1,3,1,2,1,58.18,43.8,56.01,56.74,52.31,50.96,61.46,25,70,46,46,-14.38
1,1989,2,2,1,4,5,5,1,1,3,1,4,1,49.98,43.8,40.26,42.7,42.94,47.41,36.69,22,53,60,45,-6.18
1,1986,3,4,3,1,9,9,1,1,2,1,3,2,41.78,43.8,40.26,39.89,49.19,50.96,49.07,29,53,51,47,2.02
1,1986,3,3,1,1,5,5,1,1,2,4,3,3,58.18,43.8,53.39,45.51,58.56,47.41,52.17,31,57,52,64,-14.38
1,1987,2,3,4,1,9,5,1,1,3,2,3,3,45.88,43.8,50.76,51.12,52.31,47.41,52.17,29,47,55,68,-2.08
2,1989,2,1,2,1,9,9,1,2,3,3,1,3,84.82,43.8,45.51,73.6,49.19,72.23,80.03,11,70,73,50,-41.02
2,1987,2,3,1,3,1,1,1,1,2,4,1,4,62.27,43.8,45.51,65.17,58.56,43.87,70.74,33,48,29,60,-18.47
1,1987,3,2,2,1,1,3,1,1,2,4,4,2,64.32,43.8,77.01,67.98,61.69,61.6,73.84,23,55,53,68,-20.52
2,1987,2,3,2,1,2,5,1,2,2,3,4,3,54.08,49.94,53.39,48.31,80.44,43.87,67.65,31,53,50,54,-4.14
1,1987,3,1,3,1,5,5,1,1,2,4,4,2,35.64,43.8,40.26,39.89,36.69,40.32,45.98,26,53,50,51,8.16
1,1987,2,2,2,1,5,5,1,2,3,2,3,2,56.13,49.94,42.89,48.31,39.81,54.5,61.46,28,53,42,48,-6.19
1,1987,2,4,6,1,5,3,1,1,3,2,3,1,58.18,43.8,69.13,59.55,61.69,61.6,39.78,38,48,31,50,-14.38
1,1988,2,3,2,1,3,5,1,1,4,2,3,2,45.88,49.94,37.64,48.31,36.69,58.05,39.78,30,51,22,79,4.06
2,1987,2,3,3,1,3,5,1,1,2,1,3,2,64.32,43.8,56.01,39.89,61.69,47.41,45.98,32,48,43,66,-20.52
1,1989,2,1,3,1,9,5,1,6,3,2,4,2,54.08,49.94,69.13,59.55,64.81,54.5,58.36,28,53,33,70,-4.14
2,1988,2,3,5,1,5,5,1,1,3,1,2,2,52.03,49.94,42.89,51.12,39.81,50.96,58.36,32,59,42,60,-2.09
1,1988,2,3,2,5,1,1,1,1,4,2,2,2,37.68,43.8,56.01,39.89,52.31,47.41,39.78,29,44,38,70,6.12
1,1987,2,3,1,1,5,3,1,3,4,2,3,2,45.88,49.94,56.01,48.31,67.94,50.96,49.07,30,43,36,68,4.06
1,1991,2,1,4,1,1,1,1,1,1,1,1,1,35.64,43.8,37.64,37.08,36.69,40.32,33.59,26,53,50,49,8.16
2,1984,3,3,2,1,5,3,1,1,2,4,3,3,49.98,43.8,69.13,62.36,67.94,65.14,61.46,27,54,62,42,-6.18
2,1990,2,3,3,1,9,5,1,1,3,1,3,3,56.13,43.8,50.76,56.74,49.19,43.87,64.55,32,52,30,64,-12.33
1,1985,3,1,5,1,9,5,1,1,3,2,4,2,37.68,43.8,42.89,37.08,39.81,40.32,39.78,38,44,41,80,6.12
1,1987,2,4,2,1,5,5,1,1,3,2,3,2,43.83,43.8,48.14,37.08,52.31,40.32,42.88,32,42,37,70,-0.03
1,1986,3,2,2,1,3,3,1,1,2,1,4,2,56.13,56.07,71.76,65.17,71.06,58.05,58.36,25,63,54,62,-0.06
2,1989,2,3,4,1,5,5,1,1,4,3,3,2,64.32,68.34,61.26,59.55,55.44,65.14,55.26,29,52,52,62,4.02
2,1985,3,1,2,1,4,3,1,1,2,4,3,3,41.78,49.94,45.51,53.93,39.81,47.41,61.46,24,58,65,43,8.16
2,1989,2,2,3,1,1,3,1,1,3,3,3,3,60.23,74.48,82.26,87.64,58.56,65.14,64.55,29,54,47,58,14.25
1,1986,3,3,3,3,3,3,1,1,2,1,2,3,70.47,68.34,53.39,65.17,71.06,65.14,70.74,27,62,39,66,-2.13
1,1984,3,3,2,1,9,9,1,3,2,2,3,2,45.88,49.94,42.89,42.7,42.94,47.41,42.88,28,51,52,57,4.06
1,1987,2,4,3,1,3,5,1,1,2,2,3,2,43.83,43.8,42.89,48.31,49.19,47.41,45.98,28,53,38,61,-0.03
1,1985,3,3,1,1,5,5,1,1,3,4,3,3,39.73,43.8,45.51,42.7,49.19,47.41,45.98,27,51,50,51,4.07
2,1985,3,4,3,1,5,5,1,1,2,2,5,2,45.88,56.07,48.14,48.31,49.19,47.41,45.98,27,55,49,55,10.19
1,1987,2,2,3,1,5,5,1,1,3,4,3,2,60.23,43.8,66.51,53.93,67.94,50.96,52.17,35,57,26,52,-16.43
2,1989,2,3,4,1,3,5,1,1,3,1,5,2,41.78,43.8,37.64,48.31,77.31,50.96,42.88,32,44,40,52,2.02
1,1989,2,2,3,1,5,3,1,1,2,3,4,2,45.88,43.8,40.26,45.51,42.94,40.32,45.98,28,57,52,56,-2.08
2,1987,2,4,4,5,5,5,2,0,4,2,4,1,35.64,43.8,56.01,51.12,46.06,50.96,42.88,26,53,50,69,8.16
2,1989,2,4,2,1,5,5,1,2,3,2,3,3,54.08,56.07,53.39,51.12,52.31,47.41,49.07,29,56,50,57,1.99
1,1989,2,3,3,1,9,9,1,1,3,1,3,2,35.64,43.8,40.26,37.08,36.69,40.32,39.78,28,53,32,83,8.16
1,1987,2,3,4,1,5,5,1,2,2,4,2,2,68.42,56.07,56.01,56.74,64.81,61.6,42.88,23,60,52,63,-12.35
1,1984,3,4,3,1,5,5,1,1,2,4,3,2,58.18,80.61,56.01,59.55,61.69,61.6,58.36,27,59,54,64,22.43
2,1987,2,1,5,1,10,10,1,1,1,1,5,1,64.32,49.94,58.64,65.17,71.06,50.96,70.74,35,51,35,72,-14.38
1,1984,3,1,2,1,8,5,1,1,3,4,4,3,47.93,43.8,53.39,56.74,52.31,43.87,45.98,36,41,34,66,-4.13
2,1988,2,2,5,1,7,5,1,1,1,4,3,2,41.78,43.8,40.26,37.08,58.56,43.87,49.07,31,47,22,60,2.02
1,1989,2,3,2,1,5,5,1,1,4,4,3,3,52.03,49.94,53.39,56.74,61.69,43.87,61.46,22,68,54,64,-2.09
1,1984,3,2,2,1,1,1,1,1,2,2,4,2,45.88,43.8,50.76,45.51,49.19,43.87,49.07,37,51,42,60,-2.08
1,1989,2,1,6,1,5,7,1,1,4,1,3,2,43.83,43.8,42.89,51.12,36.69,47.41,45.98,26,58,42,53,-0.03
2,1986,3,2,4,1,7,5,1,2,3,4,5,4,37.68,49.94,37.64,48.31,49.19,43.87,49.07,34,52,27,79,12.26
1,1987,2,4,3,1,5,5,1,1,2,1,3,2,49.98,49.94,42.89,39.89,52.31,40.32,45.98,36,33,38,57,-0.04
2,1987,3,4,2,1,1,1,1,4,2,4,2,3,60.23,49.94,48.14,53.93,52.31,54.5,49.07,29,58,35,61,-10.29
1,1989,2,3,1,1,5,5,1,1,2,4,3,3,43.83,43.8,48.14,53.93,46.06,47.41,52.17,28,52,26,67,-0.03
1,1988,2,4,2,1,9,9,1,1,4,1,4,3,45.88,43.8,56.01,51.12,74.19,47.41,45.98,43,53,20,72,-2.08
1,1989,2,3,2,1,7,5,1,1,3,4,4,3,52.03,74.48,84.88,76.4,71.06,47.41,49.07,30,48,59,63,22.45
2,1987,2,3,2,1,2,4,1,6,4,4,4,1,37.68,43.8,37.64,39.89,46.06,43.87,39.78,28,54,43,54,6.12
1,1988,2,3,2,1,5,5,1,1,3,1,5,3,58.18,43.8,53.39,48.31,64.81,43.87,49.07,26,54,58,55,-14.38
1,1987,3,3,2,2,9,9,1,1,2,1,3,4,58.18,43.8,48.14,67.98,42.94,61.6,67.65,25,50,34,75,-14.38
1,1989,2,2,3,1,5,5,1,1,3,1,5,2,35.64,43.8,37.64,42.7,36.69,40.32,39.78,26,53,50,51,8.16
1,1988,2,4,2,1,7,7,1,1,4,1,4,2,49.98,49.94,40.26,45.51,49.19,50.96,49.07,34,53,35,52,-0.04
1,1986,3,4,2,5,9,5,1,1,3,4,4,3,43.83,43.8,40.26,37.08,42.94,43.87,58.36,30,60,36,54,-0.03
1,1984,3,3,1,1,5,3,1,1,4,3,5,2,41.78,43.8,37.64,39.89,49.19,43.87,39.78,30,60,42,61,2.02
2,1987,2,2,2,5,2,4,1,1,4,1,4,2,37.68,43.8,40.26,42.7,49.19,40.32,39.78,34,62,69,50,6.12
1,1984,3,3,4,1,7,5,2,0,2,1,5,2,45.88,43.8,40.26,37.08,52.31,47.41,42.88,32,47,42,63,-2.08
1,1988,2,4,3,1,5,5,1,1,3,1,2,3,54.08,43.8,40.26,42.7,55.44,47.41,58.36,27,48,46,59,-10.28
1,1988,2,3,2,1,9,9,1,2,3,1,4,2,43.83,43.8,45.51,39.89,42.94,43.87,45.98,27,59,31,60,-0.03
1,1985,3,2,3,1,5,3,1,1,2,4,5,1,41.78,43.8,69.13,39.89,61.69,40.32,33.59,42,27,26,96,2.02
1,1989,2,2,3,1,2,5,1,1,2,4,3,4,80.72,86.75,69.13,65.17,67.94,86.42,70.74,30,56,51,61,6.03
2,1989,2,3,2,1,5,3,1,4,3,2,5,1,41.78,49.94,69.13,39.89,83.56,40.32,45.98,26,65,40,57,8.16
1,1987,2,1,3,1,5,5,1,1,3,4,3,4,54.08,62.21,58.64,65.17,71.06,40.32,52.17,29,38,55,66,8.13
2,1989,2,4,4,1,11,9,1,1,3,1,3,2,35.64,43.8,48.14,37.08,36.69,47.41,42.88,28,41,45,64,8.16
1,1986,3,2,2,1,5,3,1,1,2,3,4,2,45.88,49.94,53.39,51.12,64.81,47.41,42.88,27,42,50,73,4.06
1,1988,2,2,2,1,9,9,1,1,3,1,3,1,39.73,43.8,48.14,39.89,46.06,43.87,42.88,33,38,26,79,4.07
1,1983,3,5,3,1,5,5,1,1,3,1,4,3,39.73,43.8,45.51,37.08,46.06,47.41,39.78,35,31,35,84,4.07
2,1986,3,3,3,1,5,5,1,1,3,3,3,2,62.27,56.07,48.14,56.74,67.94,61.6,55.26,23,56,50,72,-6.2
2,1989,2,3,3,1,5,3,1,1,3,1,3,1,37.68,43.8,45.51,39.89,36.69,40.32,45.98,32,54,26,56,6.12
2,1987,2,4,1,3,5,5,1,6,4,1,3,2,54.08,43.8,53.39,48.31,39.81,43.87,45.98,27,54,35,56,-10.28
1,1989,2,1,3,1,9,7,1,1,3,1,2,3,66.37,43.8,42.89,59.55,49.19,72.23,67.65,32,47,32,60,-22.57
1,1986,3,5,5,1,5,5,1,1,3,2,3,2,54.08,56.07,45.51,51.12,49.19,54.5,52.17,29,57,40,62,1.99
2,1987,2,1,2,1,9,9,1,5,4,1,3,4,54.08,49.94,56.01,70.79,46.06,43.87,64.55,30,61,44,44,-4.14
1,1985,3,3,2,1,9,5,1,3,2,4,2,3,76.62,49.94,50.76,70.79,64.81,58.05,76.93,24,58,58,40,-26.68
1,1988,2,5,1,1,5,5,1,1,4,4,3,2,74.57,49.94,53.39,51.12,74.19,75.78,58.36,32,67,51,58,-24.63
1,1987,2,4,2,1,1,4,1,1,2,4,4,2,41.78,43.8,37.64,39.89,39.81,43.87,33.59,25,47,59,43,2.02
1,1984,3,2,3,1,5,3,1,1,3,4,3,3,64.32,68.34,66.51,62.36,61.69,68.69,61.46,28,54,52,63,4.02
1,1986,3,4,2,1,9,5,1,2,3,2,3,3,64.32,56.07,56.01,59.55,61.69,58.05,64.55,29,60,44,54,-8.25
1,1984,3,5,1,1,5,5,1,1,3,4,4,3,49.98,43.8,56.01,37.08,42.94,40.32,45.98,32,44,32,68,-6.18
1,1987,2,2,1,1,1,1,1,1,3,3,3,3,56.13,68.34,74.38,76.4,64.81,50.96,61.46,28,63,61,56,12.21
1,1986,3,4,2,2,5,5,1,3,3,2,4,2,47.93,43.8,63.88,73.6,64.81,47.41,45.98,29,64,47,49,-4.13
1,1986,3,2,3,1,9,9,1,1,3,2,3,2,52.03,49.94,48.14,48.31,58.56,61.6,52.17,28,70,40,33,-2.09
2,1989,2,2,2,1,5,2,1,4,2,4,4,2,43.83,49.94,63.88,45.51,83.56,47.41,39.78,29,49,40,67,6.11
1,1989,2,4,1,1,5,5,1,4,2,1,4,1,47.93,43.8,63.88,56.74,77.31,40.32,49.07,32,52,34,60,-4.13
1,1986,3,3,3,1,2,2,1,1,3,4,2,2,56.13,62.21,45.51,48.31,52.31,47.41,52.17,36,51,39,56,6.08
1,1987,3,4,1,1,5,5,1,1,2,4,1,3,56.13,43.8,56.01,45.51,39.81,58.05,67.65,29,51,40,64,-12.33
1,1987,2,4,4,1,5,5,1,6,3,4,3,3,49.98,43.8,48.14,45.51,39.81,58.05,49.07,34,52,39,71,-6.18
1,1986,3,3,3,1,5,3,1,1,2,2,2,2,58.18,49.94,63.88,62.36,55.44,47.41,64.55,30,56,30,61,-8.24
2,1988,2,1,1,1,5,9,1,1,2,1,3,2,58.18,49.94,37.64,53.93,49.19,58.05,55.26,33,55,37,60,-8.24
1,1987,3,4,3,1,5,5,1,1,2,3,3,2,49.98,43.8,42.89,53.93,39.81,47.41,55.26,35,45,23,68,-6.18
1,1985,3,5,3,1,5,2,1,3,2,1,3,3,47.93,49.94,42.89,62.36,49.19,43.87,58.36,29,49,43,72,2.01
2,1985,3,2,3,2,1,5,1,1,2,4,3,2,58.18,43.8,48.14,48.31,52.31,43.87,45.98,21,55,56,53,-14.38
1,1990,2,2,4,1,11,9,1,1,4,1,3,1,35.64,43.8,40.26,37.08,36.69,40.32,39.78,26,53,50,51,8.16
1,1987,2,4,3,1,3,3,1,1,3,1,4,1,41.78,43.8,42.89,37.08,39.81,43.87,39.78,24,41,35,77,2.02
1,1986,3,2,6,3,7,5,1,2,2,4,3,3,76.62,86.75,84.88,76.4,74.19,61.6,70.74,25,61,50,56,10.13
2,1987,2,2,1,5,5,6,1,2,2,3,4,1,41.78,43.8,53.39,45.51,55.44,47.41,36.69,35,42,30,70,2.02
1,1986,3,3,1,2,3,5,1,1,3,4,2,3,70.47,74.48,56.01,39.89,61.69,72.23,39.78,28,59,42,67,4.01
1,1989,2,3,3,1,5,5,1,1,3,4,3,2,45.88,43.8,37.64,51.12,42.94,43.87,39.78,28,60,41,46,-2.08
1,1988,2,3,1,1,5,5,1,2,3,3,3,3,60.23,49.94,71.76,73.6,71.06,68.69,58.36,30,49,34,58,-10.29
1,1984,3,4,2,1,1,1,1,1,3,4,3,2,60.23,49.94,53.39,39.89,52.31,54.5,42.88,29,56,50,54,-10.29
1,1986,3,3,2,1,1,1,1,1,4,4,4,2,45.88,49.94,56.01,42.7,49.19,47.41,55.26,26,58,44,51,4.06
2,1987,2,3,3,1,9,9,1,1,3,3,4,2,39.73,43.8,42.89,42.7,49.19,54.5,45.98,24,51,40,58,4.07
1,1988,2,3,2,2,5,5,1,1,3,1,2,3,60.23,80.61,56.01,56.74,58.56,65.14,70.74,28,56,51,55,20.38
2,1989,2,3,3,1,3,5,1,1,2,4,3,2,43.83,43.8,58.64,51.12,71.06,47.41,42.88,44,30,26,69,-0.03
1,1987,2,1,1,2,9,5,1,1,2,4,5,2,64.32,62.21,79.63,79.21,71.06,79.33,64.55,28,65,51,57,-2.11
1,1988,2,5,1,1,5,5,1,4,4,4,1,4,60.23,49.94,61.26,65.17,61.69,61.6,55.26,28,71,46,46,-10.29
1,1985,3,4,2,2,2,1,2,0,3,4,4,2,37.68,43.8,45.51,45.51,58.56,47.41,42.88,28,42,25,62,6.12
1,1986,3,1,1,1,5,5,1,2,3,4,5,2,62.27,62.21,66.51,59.55,67.94,50.96,45.98,22,66,37,47,-0.06
1,1989,2,3,6,1,5,5,1,1,2,1,5,1,56.13,74.48,79.63,65.17,71.06,54.5,64.55,34,57,50,59,18.35
1,1984,3,3,3,1,5,5,1,1,2,3,2,1,49.98,49.94,63.88,51.12,52.31,43.87,52.17,36,49,31,61,-0.04
1,1989,2,3,1,1,3,5,1,1,3,4,3,3,66.37,68.34,58.64,45.51,55.44,72.23,49.07,30,52,48,61,1.97
1,1989,2,2,5,1,5,5,1,3,3,3,4,2,64.32,62.21,69.13,65.17,67.94,43.87,64.55,25,51,36,64,-2.11
1,1988,2,1,2,1,5,5,1,2,3,2,2,2,49.98,43.8,48.14,39.89,52.31,50.96,55.26,43,37,26,75,-6.18
1,1987,2,3,2,1,5,5,1,1,3,1,3,3,60.23,43.8,45.51,53.93,74.19,47.41,64.55,29,56,54,58,-16.43
1,1986,3,2,3,1,1,3,1,1,3,4,2,3,68.42,62.21,56.01,59.55,52.31,50.96,52.17,27,56,50,57,-6.21
2,1984,3,4,2,1,1,1,1,6,2,4,4,1,43.83,49.94,48.14,56.74,49.19,47.41,58.36,31,60,40,55,6.11
2,1985,3,2,1,3,5,5,1,1,3,4,4,3,56.13,68.34,69.13,53.93,46.06,40.32,55.26,29,53,48,57,12.21
2,1987,2,3,3,1,5,5,1,1,3,4,4,1,41.78,43.8,40.26,39.89,39.81,43.87,36.69,36,41,29,70,2.02
2,1987,2,2,5,1,9,5,1,1,3,2,3,3,52.03,62.21,45.51,42.7,52.31,54.5,52.17,25,58,49,72,10.18
1,1987,2,4,2,1,5,5,1,3,3,2,2,3,60.23,56.07,66.51,56.74,74.19,58.05,61.46,28,53,40,62,-4.16
2,1987,2,3,1,1,5,3,1,1,4,2,3,4,80.72,49.94,50.76,79.21,55.44,72.23,80.03,25,77,41,44,-30.78
1,1987,2,3,3,1,5,5,1,5,3,2,3,3,58.18,49.94,58.64,62.36,49.19,61.6,58.36,33,55,47,52,-8.24
1,1988,2,3,1,1,5,5,1,2,3,1,3,3,54.08,43.8,42.89,53.93,52.31,58.05,52.17,24,61,50,63,-10.28
1,1987,2,5,6,1,9,5,1,1,3,4,2,2,49.98,43.8,40.26,45.51,52.31,50.96,55.26,36,38,25,58,-6.18
2,1986,3,4,5,1,1,1,1,2,3,2,3,3,49.98,49.94,53.39,70.79,55.44,50.96,70.74,26,57,41,57,-0.04
2,1990,2,1,2,1,5,5,1,3,3,2,1,2,66.37,49.94,53.39,67.98,64.81,43.87,73.84,34,47,56,51,-16.43
2,1988,2,4,2,4,7,5,1,1,3,3,4,2,64.32,43.8,48.14,48.31,46.06,43.87,45.98,27,55,31,62,-20.52
2,1985,3,1,2,1,5,5,1,1,2,4,3,3,43.83,43.8,58.64,51.12,67.94,43.87,49.07,35,59,32,51,-0.03
2,1988,2,3,3,1,5,5,1,1,3,2,3,2,37.68,43.8,48.14,39.89,58.56,50.96,45.98,33,57,33,58,6.12
1,1988,2,3,3,1,5,5,1,1,4,3,3,3,58.18,43.8,58.64,56.74,67.94,58.05,64.55,29,61,41,55,-14.38
1,1987,2,4,2,2,4,2,1,1,3,3,3,3,49.98,43.8,42.89,48.31,64.81,50.96,42.88,30,51,32,55,-6.18
2,1990,2,1,1,1,9,5,1,1,4,2,4,2,37.68,43.8,42.89,42.7,39.81,47.41,45.98,26,51,50,51,6.12
1,1989,2,4,2,4,2,5,1,1,4,3,2,4,78.67,80.61,66.51,51.12,67.94,72.23,61.46,21,46,37,67,1.94
1,1984,3,4,2,1,5,5,1,3,2,1,3,2,70.47,80.61,61.26,65.17,61.69,72.23,55.26,27,59,54,60,10.14
1,1984,3,2,4,1,10,9,1,1,3,4,3,3,49.98,56.07,66.51,56.74,46.06,50.96,45.98,18,51,67,58,6.09
2,1987,2,2,3,1,9,5,1,1,2,1,4,2,35.64,43.8,37.64,37.08,42.94,40.32,36.69,28,43,31,66,8.16
2,1987,2,4,3,1,5,1,1,3,3,2,3,3,49.98,43.8,50.76,59.55,46.06,54.5,55.26,25,64,45,43,-6.18
1,1986,3,2,4,1,7,5,1,1,3,2,4,2,43.83,43.8,40.26,39.89,42.94,40.32,42.88,34,46,29,71,-0.03
1,1988,2,1,1,1,5,3,1,1,4,1,3,2,47.93,49.94,58.64,48.31,58.56,50.96,49.07,24,59,67,49,2.01
1,1988,2,1,4,1,9,5,1,1,3,1,4,1,54.08,62.21,53.39,53.93,52.31,61.6,49.07,27,56,50,57,8.13
1,1987,2,4,2,1,1,3,1,6,3,3,2,2,62.27,49.94,63.88,65.17,61.69,54.5,64.55,21,56,61,53,-12.33
1,1988,2,4,2,1,7,5,1,1,3,3,3,2,58.18,43.8,40.26,51.12,83.56,47.41,55.26,33,56,31,65,-14.38
2,1986,3,3,2,1,5,3,1,1,3,1,2,4,60.23,49.94,42.89,67.98,49.19,54.5,64.55,36,53,30,65,-10.29
1,1987,3,2,3,1,2,5,1,3,4,4,5,1,37.68,43.8,42.89,48.31,42.94,47.41,36.69,35,53,20,78,6.12
1,1984,3,4,1,2,5,5,1,1,2,4,2,3,82.77,68.34,48.14,62.36,61.69,79.33,73.84,22,71,50,39,-14.43
1,1987,2,3,2,2,5,5,1,1,3,2,4,2,35.64,43.8,37.64,37.08,36.69,40.32,33.59,26,53,50,51,8.16
1,1989,2,2,3,1,9,9,1,2,4,2,4,3,37.68,43.8,40.26,45.51,39.81,47.41,42.88,29,38,30,69,6.12
1,1987,3,3,4,1,5,5,1,1,3,4,3,3,49.98,62.21,56.01,51.12,55.44,61.6,55.26,28,58,51,63,12.23
1,1988,2,1,3,1,10,9,1,1,3,2,3,2,43.83,49.94,42.89,48.31,55.44,47.41,49.07,27,57,52,63,6.11
1,1985,3,4,2,2,2,2,1,1,2,4,1,4,82.77,62.21,84.88,82.02,83.56,82.87,76.93,17,84,57,30,-20.56
1,1988,2,3,4,1,5,5,1,1,3,2,4,3,58.18,49.94,63.88,65.17,39.81,58.05,58.36,34,49,30,62,-8.24
1,1986,3,3,4,1,5,5,1,1,2,4,2,3,68.42,74.48,58.64,51.12,61.69,72.23,58.36,23,62,49,63,6.06
1,1989,2,2,2,1,5,5,1,1,3,3,4,3,56.13,68.34,69.13,59.55,67.94,61.6,67.65,30,42,44,61,12.21
1,1988,2,1,3,1,3,5,1,1,3,4,4,3,60.23,62.21,50.76,73.6,71.06,65.14,55.26,34,44,29,80,1.98
1,1989,2,3,3,1,5,5,1,1,4,2,5,3,52.03,56.07,69.13,67.98,64.81,54.5,49.07,34,45,43,63,4.04
1,1989,2,2,2,1,5,5,1,1,3,4,4,1,47.93,49.94,50.76,48.31,58.56,50.96,42.88,32,53,36,61,2.01
1,1985,3,2,2,1,9,5,1,2,3,4,4,2,37.68,49.94,53.39,48.31,52.31,58.05,49.07,25,54,46,68,12.26
1,1985,3,3,2,1,5,5,1,2,2,2,5,1,35.64,43.8,42.89,37.08,36.69,40.32,33.59,30,42,34,81,8.16
1,1987,2,3,5,1,9,9,1,3,3,1,3,3,56.13,43.8,58.64,53.93,55.44,58.05,61.46,35,47,27,76,-12.33
1,1985,3,4,2,1,5,4,1,3,2,4,3,2,66.37,49.94,63.88,48.31,64.81,47.41,58.36,38,55,25,71,-16.43
1,1988,2,3,3,4,5,5,1,1,3,2,3,3,52.03,43.8,40.26,45.51,42.94,50.96,45.98,25,44,25,69,-8.23
1,1985,3,3,2,1,9,5,1,1,1,4,4,2,64.32,43.8,66.51,62.36,58.56,54.5,67.65,36,51,50,53,-20.52
1,1985,3,2,2,1,3,5,1,1,3,4,4,2,35.64,43.8,37.64,51.12,39.81,43.87,49.07,32,54,40,49,8.16
1,1986,3,3,2,1,7,5,1,1,2,2,4,2,35.64,43.8,48.14,42.7,61.69,40.32,42.88,30,46,42,61,8.16
1,1988,2,1,2,3,3,5,1,2,2,4,3,3,49.98,43.8,69.13,65.17,67.94,50.96,58.36,32,65,31,45,-6.18
1,1988,2,5,3,5,5,5,1,1,2,1,3,2,60.23,68.34,58.64,65.17,52.31,65.14,55.26,27,57,47,61,8.11
1,1988,2,3,2,1,5,5,1,1,4,4,3,2,66.37,43.8,53.39,62.36,71.06,43.87,49.07,23,47,46,57,-22.57
1,1987,2,3,3,1,2,1,1,1,3,4,3,3,54.08,49.94,53.39,48.31,49.19,54.5,61.46,35,47,33,60,-4.14
1,1985,3,5,3,5,5,5,1,3,2,2,1,4,76.62,62.21,63.88,76.4,64.81,68.69,58.36,32,71,56,35,-14.41
2,1988,2,4,4,1,1,5,1,1,4,4,5,2,43.83,43.8,40.26,45.51,39.81,40.32,36.69,28,47,46,81,-0.03
1,1987,2,2,3,1,3,1,1,1,3,2,2,3,78.67,68.34,77.01,70.79,83.56,65.14,67.65,30,52,53,59,-10.33
1,1984,3,3,3,1,4,3,1,1,4,4,2,3,64.32,74.48,53.39,65.17,55.44,54.5,49.07,29,61,54,59,10.16
2,1989,2,3,2,1,5,5,1,1,3,2,3,2,41.78,43.8,37.64,56.74,42.94,54.5,42.88,22,63,37,50,2.02
1,1987,3,4,3,1,5,5,1,2,2,1,2,3,66.37,80.61,79.63,67.98,80.44,68.69,55.26,31,55,54,60,14.24
1,1987,2,1,4,1,5,5,1,1,3,1,5,1,41.78,62.21,71.76,51.12,64.81,43.87,39.78,36,40,35,64,20.43
2,1985,3,4,3,1,5,3,1,1,2,4,3,2,64.32,43.8,63.88,67.98,71.06,47.41,49.07,29,61,48,61,-20.52
1,1987,3,2,6,1,10,5,1,3,2,3,3,2,60.23,49.94,53.39,51.12,55.44,65.14,55.26,23,54,37,57,-10.29
2,1986,3,4,3,2,9,5,1,1,3,1,5,1,35.64,43.8,37.64,37.08,46.06,40.32,36.69,36,31,24,87,8.16
2,1987,2,2,2,5,3,5,1,1,2,4,3,4,60.23,62.21,61.26,70.79,55.44,58.05,70.74,24,65,48,62,1.98
2,1988,2,1,2,1,5,5,1,1,2,3,3,3,47.93,43.8,42.89,39.89,49.19,43.87,39.78,35,49,49,64,-4.13
1,1984,3,3,2,1,5,5,1,1,3,4,3,2,62.27,43.8,48.14,45.51,39.81,50.96,49.07,34,46,33,74,-18.47
1,1984,3,5,2,1,3,5,1,1,3,4,3,2,41.78,43.8,42.89,59.55,64.81,54.5,39.78,29,63,34,39,2.02
1,1985,3,1,2,1,3,1,1,1,4,4,3,3,47.93,62.21,48.14,48.31,49.19,40.32,49.07,33,46,35,63,14.28
1,1985,3,3,2,1,9,5,1,1,3,1,2,3,56.13,62.21,63.88,56.74,55.44,58.05,49.07,26,50,50,63,6.08
1,1989,2,1,4,1,5,7,1,1,2,3,3,2,39.73,49.94,37.64,45.51,39.81,43.87,49.07,41,44,32,69,10.21
1,1989,2,1,3,1,10,9,1,1,2,2,1,2,58.18,68.34,50.76,48.31,49.19,58.05,42.88,27,56,50,48,10.16
1,1989,2,2,2,4,5,1,1,1,3,4,3,3,62.27,68.34,50.76,65.17,74.19,79.33,67.65,28,57,43,60,6.07
2,1986,3,5,3,1,3,1,1,1,3,4,4,2,66.37,49.94,58.64,59.55,64.81,40.32,45.98,29,61,47,48,-16.43
2,1989,2,3,5,1,9,9,1,1,4,1,3,3,43.83,49.94,53.39,59.55,64.81,43.87,52.17,31,49,35,64,6.11
2,1987,3,2,3,1,5,5,1,1,2,2,4,1,35.64,43.8,37.64,37.08,39.81,40.32,39.78,31,42,24,61,8.16
1,1985,3,3,4,1,5,5,1,3,2,3,3,2,47.93,49.94,40.26,53.93,42.94,47.41,49.07,33,44,36,76,2.01
1,1986,3,3,3,1,7,5,1,1,2,1,1,2,37.68,43.8,37.64,39.89,58.56,47.41,42.88,30,48,26,67,6.12
1,1986,3,3,2,1,3,3,1,1,2,4,4,3,49.98,49.94,53.39,45.51,55.44,47.41,42.88,31,52,48,51,-0.04
1,1987,2,2,3,1,5,5,1,1,3,1,3,2,43.83,49.94,40.26,45.51,42.94,61.6,45.98,35,48,29,72,6.11
1,1984,3,1,2,1,1,1,1,1,4,4,4,2,62.27,49.94,42.89,48.31,49.19,54.5,45.98,30,43,29,59,-12.33
1,1987,2,2,5,1,10,7,1,3,3,1,3,2,56.13,56.07,63.88,53.93,58.56,54.5,58.36,25,52,37,68,-0.06
2,1988,2,5,1,2,2,3,1,6,4,4,4,1,47.93,62.21,56.01,56.74,58.56,58.05,39.78,30,56,47,62,14.28
1,1989,2,4,5,1,9,5,1,3,2,4,1,3,54.08,49.94,58.64,62.36,74.19,50.96,67.65,32,53,33,62,-4.14
1,1988,2,3,2,1,10,9,1,1,1,2,3,2,37.68,43.8,42.89,37.08,36.69,47.41,36.69,33,54,53,51,6.12
1,1987,2,1,3,1,5,5,1,1,2,3,3,3,60.23,68.34,61.26,59.55,58.56,58.05,64.55,27,61,50,61,8.11
1,1986,3,2,4,1,5,5,1,1,2,4,3,2,35.64,43.8,42.89,37.08,36.69,40.32,39.78,26,53,50,51,8.16
1,1989,2,4,1,2,9,9,1,1,3,1,2,4,64.32,74.48,69.13,76.4,61.69,79.33,67.65,26,55,55,50,10.16
1,1986,3,1,2,1,5,5,1,3,4,1,4,2,37.68,43.8,40.26,39.89,39.81,47.41,36.69,30,50,29,69,6.12
1,1986,3,1,2,3,1,2,1,1,2,4,4,2,64.32,43.8,45.51,51.12,49.19,58.05,45.98,37,41,52,55,-20.52
1,1988,2,2,2,1,3,3,1,1,3,4,3,3,52.03,43.8,50.76,39.89,64.81,40.32,55.26,32,53,37,56,-8.23
1,1985,3,1,2,1,5,5,1,2,2,4,5,2,47.93,43.8,50.76,48.31,58.56,43.87,36.69,31,50,26,64,-4.13
1,1986,3,3,3,1,9,9,1,1,4,1,2,3,82.77,86.75,84.88,79.21,71.06,93.51,80.03,39,52,33,52,3.98
1,1985,3,2,1,1,5,5,1,3,2,1,4,2,35.64,43.8,45.51,42.7,64.81,58.05,42.88,30,48,66,45,8.16
1,1985,3,4,3,1,5,4,1,3,3,4,4,2,47.93,49.94,77.01,51.12,74.19,43.87,45.98,26,43,35,61,2.01
1,1988,2,1,3,1,11,9,1,1,3,1,5,2,47.93,43.8,40.26,45.51,67.94,43.87,49.07,33,49,26,70,-4.13
2,1984,3,4,2,1,5,1,1,1,3,4,5,2,37.68,49.94,45.51,39.89,52.31,40.32,39.78,28,55,36,50,12.26
1,1987,2,3,6,1,5,5,1,1,4,2,3,3,64.32,56.07,61.26,59.55,55.44,75.78,58.36,28,64,42,59,-8.25
1,1986,3,3,2,1,5,5,1,1,2,4,4,2,39.73,43.8,42.89,42.7,52.31,43.87,55.26,28,49,31,62,4.07
1,1987,2,2,2,1,5,5,1,1,4,4,4,2,37.68,43.8,50.76,42.7,71.06,43.87,55.26,28,57,30,69,6.12
1,1987,2,3,3,3,5,5,1,3,2,1,5,2,39.73,62.21,45.51,51.12,55.44,61.6,39.78,27,59,42,57,22.48
2,1988,2,4,1,1,9,5,1,1,4,2,1,2,60.23,43.8,37.64,53.93,52.31,40.32,67.65,25,57,44,43,-16.43
1,1988,2,1,3,1,9,9,1,2,4,1,4,2,41.78,43.8,37.64,42.7,39.81,54.5,49.07,37,43,24,70,2.02
1,1988,2,2,4,1,9,9,1,1,4,3,5,2,45.88,49.94,50.76,59.55,36.69,50.96,45.98,39,66,27,71,4.06
1,1987,2,2,1,2,5,3,1,2,3,4,3,3,66.37,68.34,66.51,59.55,55.44,68.69,49.07,24,59,47,60,1.97
1,1985,3,4,2,1,7,7,1,1,4,2,3,2,76.62,68.34,40.26,56.74,49.19,68.69,61.46,26,53,48,62,-8.28
2,1988,2,5,1,1,5,3,1,1,2,4,5,2,47.93,43.8,48.14,42.7,39.81,47.41,52.17,34,40,63,71,-4.13
1,1985,3,3,2,1,1,1,1,1,3,4,3,3,66.37,62.21,48.14,51.12,58.56,58.05,52.17,22,53,59,58,-4.16
2,1984,3,5,6,1,4,5,1,1,1,4,4,2,60.23,62.21,53.39,45.51,61.69,72.23,49.07,29,54,46,56,1.98
1,1984,3,3,1,1,2,1,1,2,4,4,5,1,49.98,49.94,42.89,51.12,42.94,50.96,52.17,30,59,42,52,-0.04
1,1985,3,3,2,1,3,3,1,3,3,1,1,1,43.83,43.8,48.14,48.31,55.44,47.41,36.69,27,56,51,59,-0.03
1,1987,2,5,2,1,5,5,1,3,4,2,4,2,39.73,43.8,37.64,37.08,36.69,40.32,33.59,27,54,49,57,4.07
1,1987,2,4,6,1,9,9,1,1,4,2,5,2,41.78,43.8,42.89,39.89,36.69,43.87,36.69,26,53,50,51,2.02
2,1990,2,2,4,5,5,5,1,3,2,1,4,2,41.78,43.8,53.39,56.74,52.31,50.96,42.88,32,48,47,62,2.02
1,1989,2,4,3,1,9,5,1,1,1,2,2,3,64.32,43.8,58.64,45.51,42.94,50.96,58.36,32,56,31,57,-20.52
1,1989,2,2,4,1,11,9,1,1,3,2,5,3,39.73,43.8,50.76,39.89,36.69,40.32,42.88,26,53,50,51,4.07
1,1986,3,3,3,1,5,5,1,1,1,1,2,3,68.42,68.34,56.01,62.36,58.56,72.23,64.55,27,58,46,57,-0.08
2,1987,2,4,2,1,3,5,1,1,4,4,3,3,56.13,49.94,50.76,45.51,61.69,54.5,52.17,26,50,51,59,-6.19
1,1988,2,1,3,1,10,5,1,1,2,1,4,2,45.88,43.8,50.76,45.51,46.06,47.41,39.78,33,43,29,81,-2.08
1,1989,2,4,4,1,9,5,1,2,4,2,3,3,74.57,62.21,63.88,56.74,55.44,61.6,64.55,28,55,53,46,-12.36
2,1988,2,3,3,4,9,5,1,1,3,4,3,2,41.78,43.8,42.89,45.51,55.44,61.6,42.88,29,49,35,50,2.02
2,1987,2,1,2,1,5,3,1,3,2,4,2,3,52.03,43.8,56.01,56.74,55.44,43.87,61.46,37,52,27,67,-8.23
1,1984,3,4,1,3,5,5,1,1,2,4,2,2,45.88,43.8,45.51,56.74,52.31,65.14,55.26,29,58,61,48,-2.08
1,1989,2,2,4,1,7,7,1,1,4,1,3,3,58.18,43.8,56.01,59.55,64.81,50.96,67.65,34,47,37,70,-14.38
1,1986,3,2,2,3,5,5,1,1,3,2,3,3,76.62,49.94,53.39,70.79,67.94,68.69,70.74,21,49,75,69,-26.68
1,1986,3,2,3,1,5,5,1,2,2,3,4,2,60.23,49.94,58.64,70.79,52.31,61.6,58.36,31,53,30,66,-10.29
1,1985,3,4,2,5,5,5,1,1,2,4,1,4,68.42,62.21,69.13,73.6,77.31,61.6,70.74,27,62,50,65,-6.21
1,1986,3,4,3,1,9,9,1,2,2,1,4,2,37.68,43.8,45.51,48.31,46.06,47.41,42.88,33,54,35,72,6.12
1,1985,3,1,5,1,7,5,1,1,4,1,4,3,35.64,43.8,37.64,42.7,42.94,40.32,39.78,35,35,40,71,8.16
1,1989,2,4,2,3,5,5,1,1,3,1,2,2,76.62,49.94,50.76,56.74,67.94,47.41,58.36,27,64,37,55,-26.68
2,1990,2,4,1,2,5,5,1,4,4,4,3,2,49.98,49.94,50.76,56.74,52.31,54.5,55.26,22,68,52,40,-0.04
1,1988,2,3,2,1,9,9,1,2,3,1,4,1,35.64,43.8,37.64,37.08,36.69,43.87,39.78,26,53,50,51,8.16
2,1987,2,1,2,1,5,5,1,1,3,1,5,1,35.64,43.8,40.26,39.89,36.69,40.32,33.59,30,58,40,52,8.16
1,1988,2,2,5,1,11,9,1,1,3,1,3,3,84.82,74.48,58.64,53.93,58.56,93.51,67.65,37,53,48,57,-10.34
1,1989,2,2,5,1,9,9,1,2,4,1,5,1,43.83,43.8,48.14,39.89,42.94,47.41,45.98,32,50,48,71,-0.03
2,1988,2,2,3,1,9,9,1,1,3,1,4,1,41.78,49.94,50.76,37.08,39.81,43.87,39.78,29,50,24,78,8.16
1,1988,2,2,4,1,5,5,1,2,3,4,3,1,43.83,43.8,37.64,39.89,49.19,43.87,55.26,23,65,48,49,-0.03
1,1988,2,1,3,1,9,5,1,1,4,2,3,2,47.93,49.94,56.01,45.51,46.06,50.96,36.69,28,55,46,52,2.01
1,1985,3,2,4,1,9,5,1,1,3,2,3,2,52.03,43.8,53.39,45.51,49.19,61.6,58.36,32,56,36,56,-8.23
1,1984,3,3,4,1,3,3,1,1,2,4,4,2,47.93,56.07,84.88,70.79,71.06,47.41,36.69,37,50,55,58,8.14
1,1988,2,4,1,1,5,5,1,1,3,2,1,3,62.27,49.94,61.26,62.36,55.44,50.96,52.17,39,55,25,74,-12.33
1,1986,3,2,3,1,7,7,1,1,3,2,3,2,39.73,56.07,53.39,42.7,49.19,43.87,42.88,34,51,49,57,16.34
1,1986,3,2,6,1,11,10,1,1,2,1,5,1,35.64,43.8,42.89,42.7,46.06,54.5,36.69,38,46,24,79,8.16
1,1987,2,4,3,3,5,3,1,2,3,4,4,1,52.03,49.94,58.64,48.31,77.31,72.23,42.88,24,75,50,38,-2.09
1,1985,3,4,3,1,3,3,1,2,2,4,5,3,49.98,49.94,63.88,59.55,64.81,50.96,55.26,31,54,44,60,-0.04
2,1986,3,2,2,1,5,3,1,4,4,1,4,2,52.03,62.21,53.39,53.93,52.31,65.14,49.07,26,56,50,57,10.18
2,1988,2,1,3,1,5,5,1,1,3,1,3,2,39.73,43.8,37.64,42.7,39.81,47.41,39.78,25,54,45,46,4.07
1,1988,2,1,4,1,10,9,1,3,3,2,1,3,80.72,43.8,69.13,70.79,52.31,65.14,70.74,30,55,45,60,-36.92
2,1987,2,3,1,1,9,9,1,1,3,1,3,1,39.73,43.8,42.89,37.08,42.94,43.87,42.88,28,53,33,60,4.07
1,1987,2,4,3,1,1,1,1,3,3,4,4,3,49.98,43.8,45.51,48.31,64.81,50.96,45.98,31,51,31,72,-6.18
1,1988,2,2,3,1,5,5,1,1,3,2,3,3,43.83,49.94,48.14,51.12,46.06,58.05,52.17,34,52,51,59,6.11
2,1988,2,5,2,2,5,5,1,1,3,4,3,3,54.08,56.07,53.39,53.93,58.56,58.05,55.26,27,55,51,57,1.99
2,1988,2,2,5,1,5,5,1,1,2,1,3,2,43.83,43.8,40.26,56.74,46.06,47.41,45.98,29,48,34,57,-0.03
1,1987,2,4,3,1,7,9,1,1,3,4,3,3,43.83,43.8,42.89,39.89,42.94,54.5,45.98,27,60,42,54,-0.03
2,1988,2,4,3,1,9,5,1,1,2,1,3,3,45.88,43.8,53.39,56.74,61.69,40.32,61.46,32,57,37,55,-2.08
2,1987,2,4,3,1,5,5,1,3,4,3,3,2,43.83,43.8,40.26,39.89,46.06,40.32,42.88,26,54,62,59,-0.03
2,1989,2,3,2,1,5,5,1,1,3,4,4,1,45.88,49.94,42.89,51.12,55.44,40.32,42.88,26,49,41,54,4.06
1,1988,2,3,2,1,5,5,1,1,3,4,3,2,45.88,43.8,40.26,39.89,42.94,40.32,49.07,34,44,27,67,-2.08
1,1987,2,1,4,1,9,5,1,1,3,3,3,2,47.93,49.94,50.76,56.74,49.19,47.41,52.17,30,47,33,52,2.01
1,1987,3,3,3,1,5,5,1,1,3,4,4,1,47.93,49.94,48.14,42.7,49.19,68.69,55.26,32,45,48,60,2.01
2,1988,2,2,4,1,5,5,1,1,2,4,3,3,45.88,56.07,66.51,51.12,67.94,47.41,67.65,26,51,47,57,10.19
1,1984,3,3,4,1,9,9,1,1,3,2,3,3,56.13,43.8,50.76,65.17,42.94,43.87,52.17,27,50,40,57,-12.33
1,1989,2,2,6,1,7,5,1,2,3,4,4,2,35.64,43.8,37.64,45.51,36.69,40.32,49.07,26,53,50,51,8.16
1,1989,2,2,2,1,5,5,1,1,2,4,3,3,74.57,56.07,71.76,73.6,77.31,68.69,70.74,23,50,47,67,-18.5
2,1990,2,3,3,1,9,9,1,1,3,1,3,4,52.03,43.8,84.88,87.64,83.56,54.5,67.65,23,63,59,44,-8.23
1,1987,2,5,2,1,9,9,1,2,3,1,3,2,52.03,56.07,50.76,53.93,52.31,47.41,55.26,30,52,50,50,4.04
2,1989,2,3,2,1,5,5,1,1,3,4,5,2,54.08,62.21,53.39,53.93,52.31,61.6,49.07,27,56,50,57,8.13
1,1990,2,2,5,1,9,9,1,1,4,1,4,2,35.64,43.8,40.26,45.51,39.81,43.87,49.07,26,53,50,51,8.16
1,1987,2,3,6,1,10,5,1,1,3,2,3,3,72.52,74.48,61.26,65.17,58.56,68.69,55.26,30,58,48,65,1.96
1,1987,2,3,2,1,2,3,1,1,3,4,2,2,54.08,43.8,53.39,56.74,55.44,58.05,55.26,28,59,50,67,-10.28
2,1988,2,3,3,1,5,5,1,1,2,4,3,3,49.98,43.8,42.89,45.51,49.19,54.5,58.36,31,50,37,59,-6.18
1,1986,3,4,4,1,10,7,1,1,2,1,3,2,58.18,56.07,50.76,56.74,61.69,54.5,61.46,28,59,50,62,-2.11
2,1990,2,3,2,1,4,3,1,5,2,4,3,2,45.88,49.94,61.26,56.74,52.31,58.05,61.46,28,53,45,60,4.06
1,1987,3,1,2,1,5,5,1,1,2,4,4,2,39.73,49.94,48.14,45.51,42.94,43.87,52.17,26,47,50,63,10.21
2,1989,2,2,3,1,5,9,1,1,3,3,4,2,62.27,49.94,42.89,51.12,39.81,40.32,39.78,30,57,55,58,-12.33
2,1988,2,3,6,1,5,5,1,1,3,2,3,3,54.08,43.8,56.01,39.89,49.19,50.96,52.17,38,42,33,64,-10.28
2,1987,2,5,4,1,7,5,1,1,4,4,5,2,62.27,56.07,69.13,67.98,52.31,79.33,73.84,26,52,51,58,-6.2
1,1989,2,3,1,1,5,5,1,3,4,3,1,3,54.08,43.8,58.64,70.79,77.31,58.05,52.17,42,43,32,69,-10.28
2,1987,3,1,6,1,7,5,1,3,3,2,4,2,47.93,49.94,45.51,42.7,49.19,47.41,42.88,11,61,57,40,2.01
2,1988,2,4,1,2,3,5,1,6,2,1,5,2,37.68,43.8,58.64,53.93,77.31,40.32,36.69,37,41,26,75,6.12
1,1987,2,4,3,1,7,5,1,4,3,2,3,2,56.13,43.8,56.01,56.74,58.56,50.96,42.88,34,50,31,75,-12.33
1,1987,3,4,3,1,5,5,1,1,2,4,2,2,43.83,49.94,42.89,51.12,42.94,47.41,61.46,27,63,44,42,6.11
1,1984,3,3,4,1,1,1,1,1,2,4,1,3,68.42,49.94,61.26,59.55,77.31,75.78,73.84,36,54,25,59,-18.48
1,1985,3,3,4,1,5,5,1,3,2,4,3,2,43.83,43.8,42.89,48.31,42.94,58.05,55.26,30,66,31,58,-0.03
1,1986,3,2,3,1,5,5,1,2,2,1,1,2,54.08,56.07,45.51,45.51,55.44,61.6,49.07,28,63,44,60,1.99
2,1987,2,4,2,1,5,5,1,1,1,4,4,3,49.98,43.8,66.51,59.55,52.31,50.96,49.07,35,46,23,59,-6.18
2,1989,2,2,3,1,5,5,1,1,4,2,4,2,35.64,56.07,56.01,62.36,46.06,47.41,39.78,31,50,33,66,20.43
1,1986,3,4,3,1,5,5,1,1,4,4,3,2,47.93,49.94,53.39,53.93,52.31,50.96,45.98,27,54,50,57,2.01
1,1989,2,4,2,1,5,5,1,6,4,3,1,2,56.13,43.8,45.51,62.36,42.94,40.32,45.98,26,53,50,54,-12.33
1,1987,2,3,2,1,7,5,1,1,4,4,1,2,49.98,43.8,50.76,59.55,61.69,58.05,64.55,34,57,34,52,-6.18
2,1988,2,2,4,1,9,5,1,2,4,3,4,2,39.73,43.8,50.76,48.31,71.06,47.41,52.17,36,29,39,87,4.07
2,1985,3,1,3,1,5,5,1,1,3,4,3,2,39.73,49.94,45.51,42.7,39.81,47.41,42.88,27,56,35,67,10.21
1,1988,2,2,2,1,5,5,1,1,3,2,1,2,58.18,49.94,40.26,51.12,36.69,47.41,58.36,29,58,32,67,-8.24
1,1984,3,4,2,1,5,5,1,3,4,4,3,2,45.88,43.8,40.26,37.08,49.19,40.32,42.88,28,53,53,62,-2.08
1,1985,3,1,3,1,5,5,1,1,3,1,3,1,43.83,43.8,40.26,45.51,42.94,43.87,42.88,27,56,45,73,-0.03
1,1989,2,2,2,1,5,5,1,1,3,4,3,2,58.18,62.21,77.01,51.12,77.31,47.41,61.46,33,58,35,63,4.03
1,1987,2,2,3,1,3,3,1,2,4,4,3,2,64.32,68.34,63.88,59.55,58.56,68.69,55.26,30,57,54,51,4.02
2,1988,2,5,2,1,5,1,1,1,2,2,3,2,49.98,43.8,40.26,45.51,46.06,50.96,49.07,30,59,49,61,-6.18
2,1987,2,1,3,1,5,4,1,1,4,4,3,3,49.98,49.94,61.26,59.55,55.44,47.41,58.36,40,47,27,83,-0.04
1,1989,2,2,6,1,7,5,1,1,4,1,3,2,35.64,43.8,37.64,39.89,42.94,40.32,52.17,44,29,24,88,8.16
1,1987,3,4,2,1,3,3,1,2,3,2,5,1,47.93,43.8,45.51,42.7,46.06,43.87,49.07,26,53,50,51,-4.13
1,1987,2,3,4,1,5,5,1,1,4,3,3,2,66.37,68.34,66.51,62.36,64.81,58.05,55.26,34,58,51,63,1.97
1,1984,3,5,2,1,1,1,1,1,3,3,2,2,54.08,43.8,53.39,56.74,55.44,54.5,42.88,33,60,25,61,-10.28
2,1989,2,2,4,1,5,3,1,1,3,4,4,2,43.83,43.8,56.01,42.7,61.69,43.87,45.98,31,48,35,78,-0.03
1,1988,2,3,4,1,5,5,1,5,4,3,3,3,43.83,49.94,58.64,65.17,55.44,43.87,52.17,34,52,42,53,6.11
2,1987,2,4,2,1,5,4,1,4,4,4,2,2,54.08,49.94,56.01,56.74,39.81,43.87,39.78,25,55,56,50,-4.14
1,1987,2,4,2,1,7,5,1,1,3,1,3,2,54.08,62.21,53.39,53.93,52.31,61.6,55.26,27,56,51,63,8.13
1,1987,2,3,3,1,5,5,1,1,2,1,2,3,47.93,56.07,63.88,70.79,55.44,75.78,76.93,26,57,50,61,8.14
2,1987,2,2,1,1,9,5,1,1,3,4,3,1,52.03,62.21,58.64,59.55,58.56,65.14,52.17,26,57,47,57,10.18
2,1988,2,4,3,1,9,9,1,1,3,1,2,2,62.27,43.8,50.76,59.55,39.81,58.05,61.46,34,56,34,66,-18.47
2,1988,2,1,3,1,9,7,1,1,4,1,2,3,68.42,56.07,53.39,65.17,55.44,65.14,61.46,30,66,36,61,-12.35
1,1988,2,2,6,1,5,5,1,1,3,1,3,2,39.73,43.8,40.26,39.89,46.06,43.87,36.69,37,32,24,81,4.07
1,1984,3,4,2,1,9,9,1,1,3,1,4,2,45.88,43.8,45.51,45.51,42.94,47.41,36.69,30,43,41,74,-2.08
1,1988,2,3,3,1,5,5,1,1,3,2,2,3,66.37,49.94,53.39,51.12,55.44,65.14,45.98,27,56,50,57,-16.43
1,1988,2,5,2,5,9,5,1,1,4,4,2,1,58.18,80.61,50.76,70.79,61.69,75.78,52.17,26,58,49,54,22.43
1,1987,2,1,2,1,7,7,1,1,3,3,1,3,66.37,56.07,63.88,65.17,64.81,61.6,61.46,32,55,57,64,-10.3
2,1987,2,3,2,1,5,5,1,2,3,1,3,3,43.83,49.94,74.38,53.93,77.31,61.6,45.98,23,66,53,43,6.11
2,1988,2,2,2,1,5,5,1,1,2,2,4,2,35.64,43.8,50.76,51.12,42.94,40.32,58.36,29,53,50,51,8.16
1,1989,2,2,2,1,5,5,1,1,3,3,3,2,66.37,68.34,69.13,56.74,67.94,79.33,55.26,24,56,44,64,1.97
2,1988,2,3,4,1,5,5,1,1,3,1,3,2,45.88,43.8,48.14,39.89,42.94,43.87,42.88,31,54,42,61,-2.08
2,1984,3,2,2,1,5,5,1,2,3,1,3,2,45.88,43.8,37.64,45.51,36.69,54.5,58.36,32,57,29,48,-2.08
2,1989,2,2,2,1,5,5,1,1,2,3,4,2,37.68,43.8,45.51,42.7,52.31,47.41,45.98,32,51,30,50,6.12
2,1998,2,4,1,5,5,2,1,1,2,4,3,3,47.93,43.8,50.76,42.7,64.81,47.41,52.17,26,47,53,70,-4.13
2,1988,2,3,1,1,5,5,1,1,4,2,3,2,47.93,49.94,58.64,48.31,61.69,54.5,45.98,34,44,28,72,2.01
1,1988,2,2,3,1,7,5,1,1,3,2,1,3,62.27,43.8,56.01,42.7,46.06,79.33,64.55,24,53,59,57,-18.47
2,1987,2,1,6,1,9,9,1,1,2,1,4,1,35.64,43.8,37.64,42.7,39.81,40.32,33.59,36,34,22,83,8.16
1,1988,2,2,3,1,7,5,1,1,3,2,1,3,62.27,43.8,56.01,42.7,46.06,79.33,64.55,24,53,59,57,-18.47
1,1987,2,4,3,1,3,3,1,2,4,3,3,3,60.23,80.61,84.88,79.21,61.69,68.69,58.36,27,52,47,64,20.38
1,1987,3,4,1,1,9,9,1,1,4,2,3,1,54.08,68.34,77.01,70.79,74.19,61.6,52.17,31,56,35,59,14.26
1,1989,2,2,3,1,9,9,1,1,3,2,3,1,54.08,62.21,53.39,53.93,55.44,61.6,49.07,27,56,50,57,8.13
2,1986,3,4,3,1,5,5,1,3,2,3,3,3,70.47,43.8,48.14,51.12,74.19,65.14,64.55,30,56,41,48,-26.67
2,1987,2,4,2,1,5,5,1,1,3,4,3,3,45.88,49.94,53.39,56.74,52.31,43.87,52.17,24,57,56,63,4.06
1,1987,2,5,2,4,5,5,1,6,2,4,1,4,68.42,49.94,56.01,65.17,61.69,65.14,67.65,29,54,41,57,-18.48
2,1987,2,3,2,1,3,3,1,4,3,3,3,2,68.42,43.8,61.26,56.74,52.31,50.96,58.36,28,47,39,61,-24.62
2,1987,2,2,4,1,5,5,1,1,3,1,4,3,49.98,49.94,69.13,67.98,55.44,61.6,49.07,30,54,29,61,-0.04
2,1987,2,2,2,1,5,5,1,1,3,4,3,2,45.88,43.8,40.26,39.89,42.94,50.96,45.98,28,61,37,53,-2.08
2,1989,2,1,2,1,11,9,1,1,2,1,5,3,56.13,56.07,56.01,62.36,71.06,58.05,70.74,24,39,47,64,-0.06
1,1987,2,3,6,1,5,5,1,3,2,2,3,2,47.93,49.94,63.88,62.36,64.81,50.96,55.26,33,50,44,65,2.01
2,1987,2,1,6,1,11,9,1,1,2,1,2,2,60.23,43.8,53.39,51.12,64.81,47.41,52.17,32,46,41,66,-16.43
1,1986,3,1,3,1,5,5,1,1,1,2,4,2,49.98,43.8,48.14,53.93,42.94,65.14,58.36,33,58,27,55,-6.18
1,1989,2,2,2,1,3,3,1,6,1,4,1,3,86.86,49.94,53.39,48.31,80.44,65.14,67.65,29,61,47,61,-36.92
1,1986,3,2,3,1,2,2,1,3,3,4,3,3,49.98,43.8,53.39,53.93,42.94,58.05,49.07,26,53,50,51,-6.18
2,1984,3,4,2,1,5,1,1,2,4,4,4,1,54.08,49.94,42.89,48.31,55.44,47.41,49.07,31,48,30,62,-4.14
2,1988,2,3,2,1,5,3,2,0,2,4,3,3,49.98,68.34,77.01,79.21,64.81,61.6,55.26,23,70,55,47,18.36
2,1986,3,3,3,3,5,5,1,4,2,1,4,3,37.68,43.8,48.14,51.12,64.81,40.32,45.98,28,48,24,65,6.12
1,1988,2,3,2,5,1,5,1,5,3,4,3,2,54.08,56.07,53.39,45.51,74.19,54.5,58.36,31,52,45,53,1.99
1,1987,2,4,1,1,3,5,1,1,2,4,4,3,56.13,43.8,50.76,53.93,55.44,43.87,52.17,29,46,31,53,-12.33
1,1988,2,4,3,1,2,1,1,1,3,4,1,4,80.72,68.34,63.88,73.6,64.81,86.42,70.74,29,49,55,61,-12.38
2,1988,2,1,3,1,4,1,1,1,3,1,4,2,52.03,43.8,58.64,48.31,49.19,47.41,49.07,34,39,27,76,-8.23
1,1985,3,2,2,2,7,5,1,1,2,4,2,4,86.86,68.34,61.26,70.79,74.19,50.96,67.65,28,61,29,56,-18.52
1,1985,3,3,2,1,1,1,1,1,2,4,3,2,52.03,43.8,50.76,53.93,46.06,43.87,55.26,25,57,49,50,-8.23
1,1988,2,3,2,1,9,5,1,1,3,4,5,3,52.03,56.07,58.64,48.31,49.19,54.5,58.36,28,55,43,51,4.04
2,1989,2,3,3,1,9,10,1,1,2,4,1,4,90.96,68.34,84.88,87.64,64.81,75.78,80.03,28,62,23,51,-22.62
1,1986,3,3,2,1,5,5,1,1,3,3,3,2,41.78,49.94,48.14,51.12,46.06,58.05,42.88,27,53,43,60,8.16
2,1984,3,1,3,1,5,5,1,1,3,4,4,1,35.64,43.8,50.76,39.89,42.94,43.87,36.69,27,57,52,58,8.16
1,1989,2,3,4,1,3,9,1,6,3,3,2,2,60.23,43.8,42.89,48.31,46.06,43.87,42.88,26,57,49,51,-16.43
1,1986,3,2,3,1,5,3,1,3,2,4,3,4,82.77,74.48,84.88,70.79,83.56,65.14,52.17,28,47,51,56,-8.29
1,1987,3,2,2,1,9,9,1,1,2,3,2,2,37.68,43.8,45.51,39.89,49.19,40.32,42.88,26,51,33,65,6.12
1,1989,2,4,3,1,1,1,1,6,3,3,5,2,52.03,49.94,40.26,51.12,42.94,47.41,52.17,30,44,32,69,-2.09
1,1987,3,1,4,1,4,3,1,3,3,4,5,2,43.83,43.8,42.89,45.51,42.94,47.41,52.17,36,33,27,88,-0.03
1,1988,2,3,2,1,5,4,1,1,3,4,3,1,49.98,43.8,37.64,37.08,52.31,47.41,42.88,30,44,41,68,-6.18
1,1988,2,4,3,1,7,5,1,1,3,2,4,2,45.88,43.8,48.14,48.31,46.06,47.41,33.59,34,62,22,67,-2.08
2,1986,3,3,2,1,9,9,1,1,2,1,4,2,60.23,43.8,53.39,51.12,55.44,43.87,39.78,38,44,27,67,-16.43
1,1989,2,2,2,1,4,4,1,1,3,2,3,2,45.88,43.8,56.01,53.93,49.19,43.87,42.88,38,52,44,67,-2.08
2,1988,2,1,3,1,5,5,1,3,3,4,5,2,35.64,43.8,45.51,37.08,42.94,40.32,49.07,32,42,23,71,8.16
1,1988,2,3,2,1,5,5,1,1,3,3,3,2,41.78,49.94,48.14,45.51,42.94,40.32,52.17,27,52,44,51,8.16
1,1988,2,2,5,1,5,5,1,1,1,3,5,1,35.64,43.8,40.26,37.08,36.69,43.87,45.98,26,53,50,51,8.16
1,1987,2,3,3,1,5,5,1,1,3,3,5,2,58.18,62.21,61.26,59.55,58.56,58.05,49.07,35,52,31,56,4.03
1,1987,2,3,1,1,5,9,1,1,3,1,3,2,45.88,49.94,40.26,51.12,46.06,50.96,52.17,27,54,45,61,4.06
1,1988,2,3,3,1,5,9,1,1,3,3,3,1,58.18,62.21,50.76,48.31,52.31,50.96,45.98,24,47,53,58,4.03
1,1987,2,2,3,1,9,5,1,1,2,4,4,2,37.68,43.8,40.26,42.7,39.81,43.87,42.88,30,51,47,55,6.12
2,1987,2,2,3,1,3,3,1,2,4,2,1,2,68.42,62.21,45.51,59.55,61.69,50.96,67.65,26,66,46,62,-6.21
1,1987,2,3,3,1,2,5,1,2,3,4,3,1,45.88,43.8,45.51,48.31,49.19,40.32,45.98,30,54,27,63,-2.08
2,1986,3,3,3,1,9,5,1,1,2,1,4,2,45.88,43.8,61.26,53.93,67.94,47.41,58.36,27,53,54,63,-2.08
2,1984,3,4,2,4,4,2,1,1,4,4,3,3,64.32,43.8,42.89,59.55,55.44,82.87,64.55,24,64,58,54,-20.52
1,1986,3,4,2,1,5,3,1,2,2,4,3,2,76.62,49.94,48.14,70.79,58.56,50.96,64.55,28,67,62,47,-26.68
1,1986,3,3,3,1,5,5,1,1,2,3,2,3,62.27,43.8,61.26,56.74,67.94,50.96,61.46,23,65,61,53,-18.47
1,1987,2,3,4,1,5,5,1,1,3,1,4,2,47.93,62.21,61.26,62.36,58.56,58.05,55.26,28,57,54,58,14.28
1,1986,3,4,2,1,2,1,1,1,4,1,3,2,43.83,43.8,37.64,53.93,42.94,47.41,58.36,28,50,42,55,-0.03
1,1987,2,2,1,1,5,5,1,6,4,4,5,1,52.03,43.8,48.14,53.93,46.06,47.41,39.78,31,45,31,60,-8.23
1,1988,2,2,6,1,11,10,1,1,4,1,4,2,43.83,43.8,45.51,42.7,42.94,43.87,49.07,36,47,32,68,-0.03
1,1986,3,4,4,1,5,5,1,1,2,4,5,2,35.64,43.8,48.14,37.08,49.19,40.32,42.88,32,46,39,64,8.16
1,1987,2,1,3,1,9,9,1,1,2,1,3,2,41.78,49.94,50.76,48.31,58.56,54.5,42.88,29,54,48,59,8.16
1,1989,2,4,2,1,7,5,1,2,4,2,1,4,66.37,56.07,56.01,53.93,71.06,58.05,67.65,29,55,54,61,-10.3
2,1988,2,3,3,1,5,5,1,2,3,1,3,1,37.68,43.8,37.64,37.08,36.69,40.32,36.69,28,51,23,66,6.12
1,1987,2,3,3,1,5,5,1,3,4,4,3,3,49.98,43.8,50.76,62.36,55.44,58.05,61.46,28,54,44,54,-6.18
2,1984,3,3,3,1,3,3,1,1,3,4,3,3,43.83,43.8,48.14,53.93,49.19,47.41,61.46,27,50,52,53,-0.03
1,1985,3,2,1,1,5,5,1,1,3,2,5,3,35.64,43.8,40.26,39.89,46.06,40.32,39.78,36,38,23,68,8.16
2,1985,3,2,3,1,5,5,1,1,2,4,4,3,66.37,56.07,56.01,67.98,55.44,54.5,58.36,26,61,48,53,-10.3
1,1985,3,2,5,1,5,5,1,1,2,4,3,2,35.64,43.8,37.64,37.08,39.81,43.87,45.98,27,51,28,71,8.16
1,1986,3,1,3,1,6,8,1,1,3,4,4,1,37.68,43.8,40.26,51.12,39.81,47.41,36.69,35,43,34,84,6.12
2,1985,3,4,1,4,3,3,1,1,2,3,3,2,47.93,43.8,40.26,42.7,39.81,50.96,52.17,36,53,44,46,-4.13
2,1987,2,2,5,1,7,5,1,1,2,1,4,2,54.08,43.8,40.26,39.89,42.94,40.32,42.88,40,45,40,73,-10.28
1,1986,3,2,3,1,5,4,1,1,3,4,3,2,49.98,43.8,42.89,45.51,39.81,47.41,36.69,27,50,57,55,-6.18
1,1988,2,1,2,1,3,5,1,2,3,1,5,1,43.83,43.8,45.51,45.51,39.81,43.87,42.88,38,40,26,69,-0.03
1,1986,3,3,3,1,5,5,1,3,2,4,3,2,47.93,56.07,45.51,51.12,52.31,61.6,55.26,26,56,51,50,8.14
1,1988,2,2,6,1,9,9,1,2,3,4,3,2,49.98,43.8,40.26,45.51,39.81,50.96,45.98,25,55,36,63,-6.18
1,1987,2,3,2,1,5,7,1,1,1,1,3,2,39.73,43.8,37.64,37.08,42.94,47.41,42.88,26,53,49,61,4.07
1,1987,3,3,1,1,9,5,1,1,2,1,3,1,39.73,43.8,40.26,42.7,39.81,47.41,39.78,41,40,27,62,4.07
1,1986,3,4,5,1,1,1,1,1,3,1,5,3,78.67,62.21,50.76,59.55,64.81,54.5,61.46,30,75,34,41,-16.46
2,1989,2,3,1,1,5,5,1,6,3,4,3,2,43.83,43.8,42.89,42.7,42.94,43.87,42.88,37,46,29,63,-0.03
1,1986,3,3,4,1,2,1,1,1,3,4,3,3,58.18,49.94,37.64,42.7,39.81,58.05,64.55,31,54,47,66,-8.24
1,1987,3,2,1,1,5,5,1,1,3,3,5,2,39.73,56.07,58.64,51.12,42.94,50.96,45.98,28,57,50,62,16.34
2,1987,3,1,2,1,5,1,1,1,3,2,4,3,45.88,43.8,50.76,53.93,61.69,54.5,42.88,22,62,51,41,-2.08
2,1988,2,3,3,5,5,5,1,1,3,4,4,1,47.93,49.94,56.01,45.51,61.69,50.96,42.88,27,53,28,55,2.01
2,1987,3,2,5,1,9,9,1,3,3,4,3,2,43.83,43.8,37.64,37.08,46.06,43.87,39.78,28,45,44,59,-0.03
2,1989,2,1,6,1,9,5,1,1,3,3,4,1,45.88,43.8,37.64,42.7,49.19,54.5,52.17,33,43,38,67,-2.08
2,1987,2,3,2,1,5,5,1,1,3,2,3,3,52.03,49.94,45.51,48.31,49.19,54.5,52.17,29,62,44,45,-2.09
1,1988,2,3,4,1,5,5,1,6,3,4,3,2,39.73,43.8,42.89,39.89,46.06,47.41,45.98,28,50,45,56,4.07
2,1987,2,2,1,3,5,3,1,2,3,2,3,3,45.88,43.8,42.89,48.31,49.19,43.87,42.88,28,36,49,67,-2.08
1,1986,3,3,3,1,9,3,1,1,2,4,4,1,39.73,43.8,45.51,37.08,49.19,43.87,39.78,35,53,50,51,4.07
1,1986,3,1,2,1,3,5,1,2,2,3,4,2,58.18,49.94,53.39,51.12,42.94,54.5,49.07,31,48,32,69,-8.24
1,1987,2,4,2,1,7,5,1,3,2,3,3,2,54.08,43.8,50.76,53.93,49.19,58.05,61.46,27,56,50,57,-10.28
1,1987,2,5,4,1,5,5,1,1,3,1,4,2,49.98,56.07,48.14,39.89,52.31,61.6,49.07,29,54,39,63,6.09
1,1985,3,3,4,1,5,5,1,1,3,1,3,2,45.88,43.8,45.51,45.51,46.06,50.96,52.17,27,58,47,52,-2.08
1,1987,2,3,2,1,5,5,1,1,3,4,3,2,41.78,43.8,58.64,48.31,61.69,47.41,52.17,30,50,38,53,2.02
2,1985,3,3,3,1,5,3,1,1,3,4,3,2,39.73,43.8,45.51,45.51,39.81,43.87,52.17,32,51,31,60,4.07
1,1988,2,3,2,1,3,3,1,3,3,4,3,1,39.73,43.8,40.26,42.7,42.94,47.41,42.88,27,41,36,58,4.07
1,1989,2,3,3,1,9,5,1,1,3,2,3,3,45.88,43.8,48.14,42.7,61.69,47.41,49.07,36,50,41,60,-2.08
1,1985,3,4,3,1,5,5,1,1,2,4,3,2,66.37,49.94,63.88,62.36,42.94,68.69,58.36,20,56,50,61,-16.43
1,1987,2,4,4,1,5,3,1,1,3,4,3,3,90.96,99.02,82.26,70.79,83.56,100.6,73.84,29,62,50,69,8.06
1,1987,2,3,4,1,7,5,1,3,3,3,5,2,39.73,43.8,50.76,45.51,36.69,43.87,33.59,32,43,20,77,4.07
1,1984,3,3,4,1,9,5,1,1,2,2,1,2,45.88,43.8,37.64,39.89,36.69,43.87,39.78,26,53,50,51,-2.08
2,1989,2,2,2,1,5,5,1,1,4,2,3,2,64.32,43.8,48.14,48.31,49.19,40.32,52.17,27,55,50,65,-20.52
1,1989,2,2,4,1,5,5,1,1,3,3,1,4,72.52,49.94,61.26,53.93,49.19,75.78,73.84,27,70,50,38,-22.58
1,1988,2,4,1,3,5,5,1,1,3,2,2,3,60.23,43.8,69.13,62.36,52.31,65.14,67.65,33,50,45,58,-16.43
2,1984,3,4,3,1,9,5,1,1,2,2,3,3,47.93,43.8,48.14,59.55,49.19,43.87,49.07,27,56,37,52,-4.13
2,1988,2,2,4,1,5,5,1,1,2,1,1,2,64.32,43.8,42.89,53.93,46.06,50.96,52.17,31,55,33,64,-20.52
2,1987,2,1,4,1,11,9,1,1,4,1,4,2,49.98,43.8,42.89,51.12,46.06,47.41,42.88,35,48,34,69,-6.18
1,1988,2,2,2,1,5,5,1,1,3,2,5,1,41.78,43.8,42.89,37.08,55.44,43.87,42.88,27,51,23,65,2.02
1,1988,2,4,2,1,1,1,1,1,4,3,3,3,47.93,43.8,69.13,59.55,46.06,47.41,58.36,30,43,37,43,-4.13
2,1987,2,2,2,1,5,5,1,1,3,1,5,3,54.08,43.8,66.51,59.55,74.19,58.05,58.36,28,64,55,51,-10.28
1,1988,2,2,3,1,9,9,1,1,2,1,3,1,47.93,49.94,42.89,42.7,49.19,50.96,49.07,31,37,24,78,2.01
2,1995,3,3,2,3,1,2,1,1,2,4,4,2,56.13,43.8,45.51,42.7,55.44,50.96,49.07,32,47,48,51,-12.33
1,1987,2,3,4,1,5,5,1,1,3,4,3,2,66.37,43.8,50.76,45.51,49.19,40.32,52.17,20,46,53,50,-22.57
1,1989,2,4,2,3,5,5,1,2,4,1,1,3,84.82,68.34,71.76,56.74,52.31,82.87,67.65,24,55,48,57,-16.48
1,1986,3,3,2,1,5,5,1,1,4,4,2,3,82.77,43.8,45.51,39.89,58.56,61.6,39.78,19,45,79,46,-38.97
2,1989,2,1,1,1,8,5,1,1,1,1,4,1,35.64,43.8,40.26,45.51,39.81,40.32,39.78,33,47,27,77,8.16
1,1988,2,3,4,1,5,5,1,1,4,2,3,3,54.08,62.21,42.89,56.74,71.06,40.32,39.78,36,49,26,57,8.13
2,1984,3,2,2,1,5,3,1,1,3,2,3,2,64.32,49.94,56.01,51.12,61.69,47.41,67.65,38,55,34,61,-14.38
2,1988,2,4,2,1,5,5,1,1,3,1,4,2,39.73,43.8,56.01,48.31,49.19,40.32,45.98,32,43,28,65,4.07
2,1988,2,5,5,4,3,5,1,6,4,4,5,1,72.52,99.02,84.88,76.4,83.56,93.51,80.03,29,62,50,69,26.5
1,1987,2,4,1,1,7,5,1,6,2,1,2,2,56.13,62.21,53.39,59.55,52.31,61.6,58.36,27,56,50,57,6.08
2,1986,3,4,2,1,5,5,1,1,2,1,2,4,72.52,62.21,77.01,56.74,77.31,61.6,64.55,30,78,46,35,-10.31
1,1987,2,3,1,2,7,5,1,3,2,2,3,1,54.08,43.8,40.26,67.98,46.06,50.96,36.69,22,44,52,67,-10.28
1,1987,2,2,3,1,5,5,1,1,3,3,4,2,47.93,56.07,45.51,62.36,58.56,54.5,55.26,25,55,51,59,8.14
1,1989,2,4,1,2,1,1,1,1,4,4,3,3,39.73,43.8,53.39,37.08,64.81,43.87,58.36,32,53,44,51,4.07
2,1987,2,4,3,1,5,5,1,1,4,4,2,3,60.23,43.8,79.63,53.93,64.81,50.96,52.17,37,46,27,49,-16.43
2,1986,3,4,1,1,5,5,1,1,2,4,4,3,72.52,86.75,77.01,84.83,58.56,75.78,70.74,34,60,40,54,14.23
1,1989,2,2,4,1,5,5,1,1,3,2,3,2,45.88,43.8,56.01,39.89,49.19,50.96,52.17,26,61,54,57,-2.08
2,1987,2,2,3,1,5,5,1,1,2,1,4,2,43.83,43.8,40.26,42.7,39.81,40.32,36.69,30,59,41,55,-0.03
1,1987,2,3,4,1,10,9,1,1,3,1,5,3,54.08,56.07,45.51,48.31,46.06,47.41,49.07,40,52,25,84,1.99
1,1986,3,4,2,4,3,3,1,1,2,2,1,3,66.37,43.8,53.39,53.93,71.06,58.05,61.46,25,44,41,57,-22.57
1,1986,3,4,3,1,7,3,1,1,2,2,3,3,68.42,43.8,63.88,53.93,64.81,54.5,70.74,22,50,49,64,-24.62
1,1988,2,2,2,1,5,9,1,3,3,2,2,2,47.93,49.94,71.76,51.12,55.44,43.87,42.88,25,42,40,71,2.01
2,1987,2,3,1,2,6,7,1,1,4,1,4,2,35.64,49.94,40.26,45.51,36.69,40.32,36.69,26,53,51,51,14.3
2,1985,3,3,3,5,1,5,1,2,3,4,3,3,47.93,43.8,45.51,51.12,49.19,47.41,49.07,34,47,33,65,-4.13
1,1985,3,4,6,1,5,5,1,1,2,3,2,3,66.37,43.8,42.89,56.74,52.31,58.05,61.46,29,61,40,55,-22.57
1,1988,2,1,4,1,5,5,1,1,2,1,4,1,35.64,43.8,40.26,39.89,46.06,43.87,36.69,44,35,22,84,8.16
1,1987,2,1,3,1,9,9,1,2,3,2,4,2,56.13,62.21,84.88,79.21,58.56,75.78,70.74,23,62,54,53,6.08
1,1987,2,2,2,1,9,9,1,2,3,1,5,2,47.93,49.94,56.01,45.51,46.06,43.87,42.88,38,42,26,82,2.01
1,1988,2,3,2,1,9,5,1,1,3,1,3,1,45.88,43.8,48.14,42.7,46.06,50.96,45.98,28,52,46,57,-2.08
1,1986,3,4,2,1,3,1,1,2,3,2,3,3,43.83,43.8,40.26,39.89,42.94,50.96,42.88,31,46,29,57,-0.03
1,1988,2,2,2,1,5,3,1,3,4,1,1,3,78.67,56.07,56.01,56.74,71.06,65.14,61.46,33,41,41,61,-22.6
2,1989,2,3,3,1,5,5,1,1,3,1,3,2,58.18,56.07,53.39,53.93,52.31,65.14,49.07,27,59,50,63,-2.11
2,1988,2,5,2,1,5,3,1,6,3,1,5,1,58.18,56.07,63.88,48.31,80.44,58.05,39.78,18,69,71,29,-2.11
2,1988,2,3,4,1,9,5,1,1,3,3,3,1,43.83,49.94,45.51,37.08,42.94,40.32,61.46,29,44,21,67,6.11
2,1987,2,2,2,1,5,5,1,1,3,1,3,3,56.13,43.8,45.51,45.51,49.19,58.05,61.46,30,50,33,57,-12.33
2,1989,2,3,3,1,5,3,1,2,2,4,3,4,60.23,92.88,66.51,56.74,61.69,61.6,58.36,28,83,46,44,32.65
2,1986,3,4,3,1,5,5,1,3,3,1,3,3,70.47,56.07,63.88,59.55,52.31,58.05,58.36,32,69,28,54,-14.4
1,1990,2,3,2,1,4,4,1,2,2,1,3,3,66.37,43.8,45.51,73.6,52.31,47.41,55.26,36,57,25,66,-22.57
2,1985,3,1,2,1,3,1,1,2,2,4,4,2,43.83,43.8,40.26,39.89,49.19,50.96,45.98,31,45,40,68,-0.03
2,1987,2,1,3,1,9,5,1,1,2,2,3,2,52.03,43.8,45.51,53.93,46.06,58.05,45.98,33,51,26,70,-8.23
2,1988,2,5,1,1,5,5,1,4,3,3,4,2,39.73,43.8,45.51,45.51,39.81,43.87,42.88,33,43,45,60,4.07
2,1986,3,3,2,1,1,1,1,1,2,1,4,3,52.03,43.8,45.51,53.93,61.69,40.32,52.17,28,55,49,54,-8.23
1,1984,3,2,3,1,1,1,1,1,3,4,4,2,58.18,56.07,53.39,53.93,55.44,54.5,49.07,26,57,49,56,-2.11
1,1989,2,2,3,1,5,5,1,1,3,2,3,2,70.47,49.94,42.89,59.55,52.31,72.23,61.46,35,53,27,63,-20.53
1,1988,2,2,2,1,9,3,1,1,3,2,3,2,47.93,43.8,48.14,48.31,52.31,47.41,42.88,25,49,51,57,-4.13
2,1987,2,3,2,1,5,5,1,1,3,4,3,1,80.72,62.21,53.39,62.36,67.94,82.87,61.46,22,60,50,62,-18.51
1,1987,2,3,2,4,9,5,1,1,3,3,3,3,58.18,43.8,42.89,56.74,55.44,61.6,58.36,30,51,29,57,-14.38
1,1987,2,1,2,1,5,5,1,2,2,2,3,1,39.73,43.8,50.76,39.89,42.94,43.87,42.88,34,45,32,70,4.07
1,1988,2,3,2,2,5,5,1,1,2,4,5,3,70.47,43.8,69.13,62.36,74.19,43.87,55.26,40,36,33,71,-26.67
1,1988,2,3,4,1,9,5,1,2,3,3,1,1,56.13,43.8,50.76,42.7,52.31,40.32,45.98,37,45,35,70,-12.33
1,1990,2,2,3,1,7,7,1,1,3,2,5,2,35.64,43.8,53.39,39.89,55.44,43.87,33.59,34,52,35,67,8.16
1,1986,3,4,2,1,3,3,1,2,4,4,3,2,54.08,43.8,42.89,48.31,58.56,47.41,45.98,29,44,36,60,-10.28
2,1987,3,3,3,1,5,5,1,1,3,4,3,3,49.98,43.8,45.51,48.31,39.81,47.41,42.88,39,57,24,45,-6.18
1,1986,3,2,2,1,5,5,1,2,2,2,1,4,58.18,56.07,66.51,67.98,64.81,58.05,67.65,25,57,56,64,-2.11
2,1985,3,2,3,1,1,3,1,1,2,3,4,1,45.88,43.8,53.39,45.51,42.94,43.87,45.98,28,44,50,62,-2.08
1,1988,2,3,4,1,5,5,1,1,3,1,3,3,58.18,49.94,69.13,62.36,46.06,54.5,61.46,25,63,46,43,-8.24
1,1985,3,3,2,1,1,1,1,2,3,4,3,2,47.93,43.8,48.14,42.7,58.56,58.05,55.26,29,51,58,65,-4.13
1,1987,2,4,1,1,5,5,1,1,3,1,3,2,43.83,43.8,40.26,51.12,39.81,40.32,42.88,35,57,31,66,-0.03
2,1986,3,2,2,1,5,5,1,1,3,1,3,3,45.88,49.94,40.26,51.12,42.94,65.14,45.98,34,58,32,61,4.06
1,1987,2,3,6,1,5,5,1,2,2,1,3,3,54.08,49.94,48.14,62.36,64.81,54.5,49.07,28,64,25,55,-4.14
1,1987,2,2,5,1,9,5,1,1,3,2,4,2,49.98,43.8,40.26,56.74,39.81,50.96,52.17,26,35,49,57,-6.18
1,1987,2,5,2,3,2,5,1,3,1,4,2,4,78.67,74.48,79.63,82.02,77.31,65.14,73.84,30,59,49,48,-4.19
2,1998,2,4,3,1,2,5,1,1,3,2,3,4,49.98,43.8,42.89,53.93,46.06,50.96,55.26,32,67,28,48,-6.18
2,1989,2,2,2,1,5,5,1,1,3,4,3,2,54.08,56.07,53.39,48.31,39.81,65.14,55.26,28,60,32,57,1.99
2,1989,2,3,3,1,9,9,1,1,2,1,1,1,43.83,43.8,40.26,45.51,42.94,43.87,42.88,40,39,26,82,-0.03
2,1989,2,4,2,1,2,3,1,1,4,4,4,3,39.73,49.94,40.26,39.89,52.31,47.41,42.88,33,66,41,52,10.21
1,1987,2,3,3,2,5,5,1,4,3,4,4,3,66.37,49.94,50.76,70.79,46.06,54.5,70.74,31,61,37,62,-16.43
2,1985,3,3,4,1,5,5,1,1,2,3,3,3,54.08,43.8,50.76,67.98,58.56,50.96,61.46,32,50,42,58,-10.28
1,1986,3,3,2,1,5,5,1,1,2,3,1,1,41.78,68.34,42.89,48.31,49.19,47.41,49.07,24,55,49,51,26.56
1,1986,3,3,3,1,3,5,1,3,3,4,4,2,41.78,49.94,42.89,45.51,52.31,58.05,39.78,25,53,43,58,8.16
2,1986,3,4,1,1,5,5,1,1,4,2,3,4,78.67,43.8,79.63,76.4,77.31,65.14,73.84,32,67,55,35,-34.87
1,1989,2,2,1,1,11,9,1,1,2,1,4,1,39.73,43.8,45.51,39.89,55.44,43.87,45.98,26,53,50,51,4.07
2,1987,2,2,2,1,9,9,1,2,4,4,4,3,64.32,80.61,63.88,48.31,55.44,58.05,42.88,25,56,50,57,16.29
2,1987,2,3,4,1,3,5,1,1,3,1,4,4,70.47,56.07,71.76,79.21,67.94,50.96,76.93,28,64,41,46,-14.4
1,1987,2,1,3,1,5,5,1,3,1,1,3,2,35.64,43.8,37.64,37.08,39.81,40.32,36.69,41,30,29,90,8.16
1,1988,2,2,3,1,7,5,1,1,3,1,4,2,39.73,43.8,50.76,53.93,46.06,40.32,45.98,30,44,38,51,4.07
2,1986,3,2,3,1,5,4,1,1,3,4,4,3,52.03,49.94,42.89,53.93,39.81,47.41,52.17,27,56,48,59,-2.09
1,1988,2,2,5,1,5,5,1,1,3,1,3,3,47.93,43.8,53.39,45.51,46.06,50.96,55.26,26,40,21,91,-4.13
1,1985,3,3,6,1,5,5,1,1,3,1,3,2,43.83,43.8,50.76,51.12,71.06,43.87,49.07,36,37,24,72,-0.03
2,1989,2,3,4,1,5,5,1,1,3,2,2,3,72.52,43.8,40.26,59.55,39.81,47.41,67.65,31,58,36,55,-28.72
2,1985,3,4,1,1,2,5,1,4,2,2,3,2,49.98,43.8,74.38,59.55,58.56,47.41,55.26,39,37,35,65,-6.18
2,1986,3,2,1,1,5,3,1,2,2,1,3,3,58.18,49.94,69.13,62.36,55.44,65.14,49.07,29,62,48,61,-8.24
2,1985,3,3,2,2,5,5,1,4,3,2,4,1,35.64,43.8,37.64,39.89,36.69,43.87,36.69,26,53,50,51,8.16
1,1985,3,2,3,1,4,3,1,1,2,4,4,2,45.88,43.8,69.13,62.36,74.19,61.6,55.26,36,50,41,56,-2.08
1,1989,2,3,1,1,9,5,2,0,3,2,2,2,62.27,80.61,66.51,51.12,55.44,58.05,55.26,30,52,59,53,18.34
1,1987,2,3,2,1,5,5,1,3,3,2,2,3,58.18,43.8,74.38,67.98,83.56,65.14,58.36,38,53,35,47,-14.38
2,1987,2,3,2,1,5,5,1,1,2,1,4,2,49.98,56.07,48.14,42.7,49.19,72.23,42.88,29,63,34,49,6.09
2,1985,3,5,2,1,5,5,1,1,4,4,3,4,90.96,99.02,84.88,87.64,83.56,86.42,80.03,14,80,80,30,8.06
1,1987,2,2,2,1,5,1,2,0,2,4,5,1,35.64,43.8,50.76,39.89,46.06,61.6,33.59,26,57,67,51,8.16
1,1985,3,4,3,1,2,2,1,1,2,1,2,3,74.57,62.21,50.76,70.79,52.31,50.96,67.65,26,54,52,55,-12.36
2,1985,3,4,3,1,4,3,1,1,2,2,3,3,49.98,43.8,45.51,48.31,42.94,61.6,45.98,25,56,47,59,-6.18
1,1988,2,2,4,1,9,9,1,1,2,2,3,1,45.88,43.8,42.89,51.12,52.31,47.41,45.98,38,57,28,69,-2.08
1,1988,2,2,3,1,5,5,1,1,3,3,3,3,47.93,49.94,48.14,45.51,58.56,43.87,45.98,28,47,59,73,2.01
1,1986,3,3,2,1,1,5,1,1,2,4,3,2,43.83,43.8,40.26,39.89,49.19,43.87,36.69,26,41,41,66,-0.03
1,1986,3,4,1,2,5,5,1,1,1,4,3,2,60.23,43.8,40.26,62.36,42.94,61.6,55.26,29,47,56,64,-16.43
2,1985,3,5,5,1,9,5,1,1,3,2,3,3,58.18,62.21,56.01,53.93,55.44,72.23,52.17,31,66,50,62,4.03
1,1985,3,2,3,1,9,9,1,1,3,2,3,3,56.13,43.8,61.26,56.74,55.44,47.41,49.07,28,45,42,63,-12.33
2,1984,3,3,2,2,5,5,1,1,3,3,3,3,68.42,43.8,53.39,56.74,64.81,68.69,55.26,20,62,63,45,-24.62
2,1986,3,3,2,1,5,5,1,2,2,4,2,4,43.83,49.94,42.89,45.51,39.81,50.96,67.65,37,60,53,58,6.11
1,1986,3,4,3,1,8,5,1,3,1,3,5,3,56.13,56.07,50.76,67.98,58.56,47.41,61.46,29,49,48,66,-0.06
1,1986,3,5,2,1,5,5,1,1,2,4,3,2,60.23,56.07,53.39,48.31,55.44,68.69,64.55,17,82,71,31,-4.16
1,1986,3,4,2,1,1,1,1,1,2,4,4,2,54.08,49.94,42.89,45.51,36.69,47.41,58.36,38,41,25,80,-4.14
1,1988,2,4,6,1,7,5,1,3,4,2,4,1,35.64,43.8,37.64,42.7,39.81,47.41,39.78,26,53,50,51,8.16
1,1984,3,3,3,1,5,5,1,1,3,2,2,3,49.98,74.48,58.64,51.12,58.56,58.05,58.36,27,56,50,59,24.5
2,1990,2,3,3,1,5,5,1,1,1,1,1,3,68.42,43.8,45.51,70.79,46.06,58.05,67.65,35,63,26,52,-24.62
1,1984,3,4,1,1,3,1,1,2,2,1,3,3,56.13,56.07,48.14,51.12,64.81,54.5,58.36,27,65,42,53,-0.06
1,1985,3,2,2,1,1,1,1,1,3,4,1,3,76.62,43.8,53.39,73.6,46.06,68.69,70.74,24,68,58,46,-32.82
2,1988,2,2,1,2,9,5,1,2,1,1,5,3,52.03,43.8,66.51,65.17,64.81,47.41,52.17,33,32,24,93,-8.23
1,1989,2,1,3,1,3,3,1,1,3,2,4,2,41.78,49.94,48.14,51.12,46.06,50.96,49.07,25,57,35,59,8.16
2,1987,2,3,2,1,5,3,1,1,2,4,4,2,45.88,49.94,45.51,48.31,46.06,47.41,39.78,33,55,34,69,4.06
1,1989,2,1,4,1,5,5,1,2,3,2,5,2,35.64,43.8,50.76,45.51,42.94,47.41,45.98,35,42,29,71,8.16
2,1989,2,3,1,1,5,5,1,1,4,4,4,1,37.68,43.8,48.14,39.89,39.81,40.32,45.98,27,50,42,55,6.12
1,1986,3,4,1,5,2,3,1,1,3,4,3,3,54.08,43.8,61.26,48.31,64.81,50.96,52.17,30,48,27,71,-10.28
1,1989,2,3,3,1,7,7,1,1,4,3,3,1,62.27,86.75,69.13,53.93,49.19,68.69,49.07,19,63,49,45,24.48
1,1988,2,4,2,1,3,1,1,2,4,4,5,2,43.83,43.8,45.51,62.36,46.06,40.32,58.36,26,61,59,65,-0.03
1,1989,2,2,3,1,3,5,1,1,3,2,3,2,45.88,43.8,56.01,51.12,58.56,50.96,49.07,27,60,37,57,-2.08
2,1989,2,3,2,1,2,3,1,4,4,4,4,3,35.64,49.94,50.76,45.51,46.06,47.41,45.98,27,49,48,56,14.3
1,1989,2,2,6,1,9,9,1,1,2,3,5,3,54.08,62.21,58.64,65.17,52.31,61.6,73.84,27,56,50,57,8.13
1,1987,3,3,5,1,10,9,1,1,3,1,3,3,56.13,56.07,53.39,51.12,52.31,61.6,45.98,28,55,50,58,-0.06
1,1987,2,1,5,1,5,5,1,2,3,1,2,2,52.03,62.21,63.88,59.55,55.44,61.6,58.36,27,55,44,67,10.18
2,1988,2,1,2,1,9,9,1,2,4,2,3,3,54.08,43.8,50.76,53.93,52.31,61.6,52.17,28,57,50,55,-10.28
1,1986,3,2,1,1,5,5,1,1,3,1,3,3,68.42,49.94,53.39,62.36,61.69,61.6,61.46,28,63,58,55,-18.48
1,1987,2,3,3,1,6,5,1,2,3,2,4,2,47.93,56.07,56.01,51.12,55.44,54.5,49.07,27,52,54,58,8.14
1,1985,3,2,2,1,5,1,1,1,4,2,4,2,41.78,49.94,40.26,42.7,49.19,43.87,49.07,31,51,35,59,8.16
2,1989,2,1,3,1,5,9,1,1,4,1,1,4,47.93,43.8,56.01,53.93,46.06,50.96,64.55,33,53,25,71,-4.13
1,1987,2,3,2,1,5,5,1,1,2,1,3,3,66.37,80.61,61.26,59.55,46.06,50.96,64.55,27,59,47,54,14.24
2,1989,2,4,6,1,5,5,1,1,3,4,3,2,66.37,49.94,42.89,45.51,42.94,58.05,42.88,25,53,51,57,-16.43
2,1988,2,2,5,2,5,3,1,1,3,4,3,1,41.78,43.8,42.89,39.89,36.69,43.87,42.88,26,58,44,51,2.02
1,1988,2,2,1,1,5,5,1,2,3,4,3,3,58.18,49.94,45.51,53.93,49.19,58.05,49.07,28,43,29,61,-8.24
2,1989,2,1,2,1,9,5,1,1,2,1,3,2,49.98,43.8,45.51,51.12,42.94,47.41,45.98,27,44,31,83,-6.18
1,1989,2,2,3,1,5,5,1,1,3,2,3,2,35.64,43.8,37.64,37.08,36.69,40.32,33.59,26,53,50,51,8.16
2,1986,3,3,2,1,9,5,1,1,2,2,3,2,52.03,43.8,58.64,62.36,39.81,50.96,49.07,26,55,39,49,-8.23
2,1985,3,2,1,1,5,5,1,1,2,3,4,2,37.68,43.8,40.26,39.89,46.06,47.41,49.07,26,56,30,59,6.12
1,1989,2,5,3,1,5,5,1,6,2,1,3,3,58.18,62.21,63.88,70.79,67.94,65.14,73.84,30,59,52,60,4.03
2,1988,2,5,2,1,1,2,1,1,4,4,4,3,39.73,43.8,45.51,56.74,49.19,43.87,39.78,26,57,47,58,4.07
2,1988,2,2,6,1,4,5,1,2,2,1,3,2,62.27,49.94,56.01,45.51,67.94,47.41,42.88,37,53,41,79,-12.33
1,1987,2,4,6,1,5,5,1,2,2,4,5,4,35.64,43.8,37.64,37.08,36.69,40.32,33.59,26,53,50,51,8.16
1,1989,2,2,5,1,11,9,1,1,2,1,3,1,56.13,43.8,45.51,42.7,39.81,43.87,36.69,27,48,50,50,-12.33
2,1987,2,3,2,1,3,1,1,1,3,4,4,1,47.93,43.8,45.51,45.51,46.06,47.41,45.98,28,50,38,62,-4.13
1,1989,2,2,3,1,9,10,1,1,3,1,4,1,45.88,43.8,42.89,45.51,42.94,58.05,42.88,31,39,38,82,-2.08
2,1986,3,2,3,1,7,5,1,1,2,3,3,1,45.88,43.8,37.64,45.51,55.44,50.96,36.69,33,62,50,64,-2.08
2,1989,2,3,6,1,9,5,1,1,4,1,5,1,35.64,43.8,37.64,39.89,39.81,40.32,39.78,29,52,50,51,8.16
1,1987,3,3,3,1,5,5,1,1,3,4,3,4,52.03,56.07,45.51,59.55,49.19,58.05,67.65,30,46,36,69,4.04
2,1986,3,3,3,1,9,5,1,5,3,2,3,2,43.83,49.94,45.51,48.31,46.06,43.87,49.07,28,52,31,71,6.11
1,1988,2,3,2,1,9,5,1,1,3,1,3,1,54.08,49.94,37.64,42.7,58.56,47.41,49.07,32,46,35,77,-4.14
1,1987,2,2,5,1,5,5,1,1,3,2,3,4,78.67,49.94,53.39,76.4,61.69,58.05,58.36,31,47,32,76,-28.73
1,1987,3,3,2,1,5,5,1,1,2,4,3,3,52.03,43.8,56.01,48.31,55.44,43.87,45.98,30,57,45,51,-8.23
1,1987,2,4,5,1,9,5,1,1,3,4,3,3,58.18,43.8,50.76,42.7,42.94,47.41,45.98,25,59,40,56,-14.38
1,1986,3,4,3,2,5,5,1,2,3,2,3,3,39.73,43.8,40.26,51.12,71.06,54.5,39.78,24,52,56,55,4.07
1,1987,2,1,4,1,9,9,1,2,2,1,3,2,45.88,43.8,40.26,39.89,42.94,47.41,61.46,38,32,24,80,-2.08
1,1987,2,4,4,1,5,9,1,2,3,4,2,2,56.13,62.21,48.14,53.93,46.06,61.6,55.26,28,55,50,56,6.08
1,1987,2,3,5,1,9,9,1,1,3,2,3,2,41.78,43.8,42.89,56.74,49.19,50.96,42.88,31,59,26,58,2.02
1,1989,2,3,6,1,5,5,1,1,4,3,3,2,49.98,49.94,45.51,45.51,49.19,50.96,36.69,26,51,54,58,-0.04
2,1989,2,3,2,1,5,5,1,1,3,1,3,3,56.13,49.94,40.26,51.12,55.44,50.96,45.98,29,57,45,50,-6.19
1,1988,2,4,1,2,5,5,1,2,4,4,1,1,45.88,43.8,37.64,37.08,52.31,72.23,42.88,27,53,48,53,-2.08
2,1989,2,4,3,1,5,5,1,1,3,2,4,4,78.67,74.48,56.01,70.79,80.44,50.96,76.93,35,46,39,58,-4.19
1,1989,2,2,4,1,5,5,1,1,3,4,4,2,41.78,43.8,37.64,39.89,42.94,40.32,42.88,30,31,36,82,2.02
1,1985,3,4,4,1,5,3,1,1,2,4,2,3,54.08,43.8,40.26,53.93,49.19,58.05,55.26,27,59,46,62,-10.28
2,1986,3,2,1,1,1,5,1,3,2,1,2,2,43.83,43.8,37.64,48.31,52.31,40.32,55.26,27,56,38,52,-0.03
2,1984,3,2,3,1,9,7,1,1,3,2,3,2,45.88,49.94,45.51,48.31,61.69,68.69,55.26,29,48,29,75,4.06
1,1987,2,3,3,2,9,5,1,1,3,1,3,1,78.67,49.94,84.88,87.64,58.56,82.87,80.03,24,51,50,51,-28.73
2,1986,3,4,1,1,5,3,1,1,2,2,4,1,35.64,43.8,40.26,37.08,36.69,40.32,45.98,26,53,38,51,8.16
2,1986,3,1,2,1,1,1,1,2,3,4,4,2,47.93,49.94,53.39,51.12,49.19,54.5,45.98,27,54,56,49,2.01
1,1986,3,4,3,1,5,9,1,1,4,4,1,4,68.42,49.94,61.26,65.17,80.44,43.87,70.74,34,55,46,49,-18.48
1,1988,2,3,2,1,5,5,1,1,3,3,3,2,41.78,56.07,53.39,48.31,52.31,61.6,45.98,27,55,51,54,14.29
2,1989,2,3,3,1,7,5,1,1,3,3,4,3,74.57,74.48,77.01,82.02,77.31,72.23,64.55,41,61,26,55,-0.09
1,1984,3,3,4,1,8,3,1,1,3,2,3,2,62.27,49.94,48.14,53.93,42.94,58.05,49.07,29,51,36,55,-12.33
2,1987,2,3,2,1,5,5,1,1,3,4,3,2,41.78,43.8,45.51,39.89,49.19,43.87,42.88,33,55,37,60,2.02
1,1987,3,4,2,1,9,5,1,1,2,4,2,2,49.98,62.21,53.39,53.93,46.06,58.05,61.46,24,54,48,57,12.23
1,1988,2,1,2,1,7,5,1,1,3,3,3,2,56.13,62.21,53.39,51.12,52.31,58.05,49.07,27,56,50,57,6.08
2,1987,2,2,2,1,5,5,1,1,3,1,2,2,58.18,49.94,40.26,48.31,46.06,58.05,76.93,32,63,46,42,-8.24
2,1989,2,1,3,1,10,9,1,2,3,1,4,1,37.68,43.8,37.64,42.7,52.31,50.96,42.88,25,42,59,91,6.12
1,1986,3,3,3,1,9,5,1,2,3,1,1,3,60.23,62.21,45.51,56.74,64.81,54.5,76.93,34,60,48,68,1.98
2,1990,2,2,2,1,5,5,1,1,4,1,4,1,62.27,80.61,84.88,76.4,64.81,86.42,80.03,29,56,50,81,18.34
2,1986,3,2,2,1,5,3,1,1,2,4,3,2,49.98,43.8,37.64,42.7,39.81,43.87,42.88,26,52,24,66,-6.18
1,1985,3,3,2,1,5,5,1,2,2,1,3,3,54.08,62.21,53.39,53.93,52.31,61.6,49.07,27,56,50,57,8.13
2,1988,2,2,3,1,5,5,1,1,3,2,3,3,43.83,56.07,58.64,59.55,42.94,58.05,58.36,27,51,53,54,12.24
1,1987,3,4,1,1,5,5,1,1,3,4,5,3,41.78,43.8,37.64,42.7,46.06,40.32,36.69,29,48,45,64,2.02
2,1987,2,3,3,1,5,5,1,1,3,4,4,3,47.93,49.94,40.26,42.7,39.81,43.87,39.78,28,58,28,52,2.01
1,1987,2,3,1,1,5,3,1,1,3,4,2,2,49.98,49.94,69.13,48.31,83.56,54.5,45.98,25,45,40,72,-0.04
2,1987,2,4,2,2,7,5,1,1,4,2,2,3,45.88,43.8,56.01,59.55,49.19,47.41,64.55,30,52,41,51,-2.08
2,1988,2,3,5,1,9,5,1,5,3,2,3,2,43.83,43.8,45.51,45.51,42.94,43.87,39.78,32,49,44,58,-0.03
1,1986,3,2,5,1,5,5,1,1,4,4,5,1,35.64,43.8,37.64,37.08,39.81,43.87,39.78,27,54,48,49,8.16
2,1985,3,3,3,1,5,5,1,1,2,2,3,3,58.18,56.07,53.39,59.55,61.69,68.69,55.26,29,59,51,56,-2.11
1,1987,2,3,2,1,5,5,1,1,2,2,3,2,70.47,56.07,66.51,56.74,83.56,65.14,55.26,32,64,58,54,-14.4
2,1987,2,3,6,1,9,9,1,2,2,1,3,1,45.88,49.94,37.64,39.89,46.06,54.5,42.88,32,48,35,62,4.06
1,1986,3,1,3,1,10,9,1,2,2,2,3,2,58.18,49.94,53.39,65.17,58.56,61.6,49.07,28,45,40,75,-8.24
1,1986,3,3,2,1,2,5,1,1,4,3,3,2,47.93,43.8,48.14,51.12,58.56,61.6,55.26,22,66,50,73,-4.13
2,1988,2,2,2,2,3,5,1,1,3,4,1,2,58.18,49.94,56.01,53.93,49.19,68.69,52.17,29,54,30,71,-8.24
2,1988,2,3,2,1,5,3,1,3,3,4,3,3,54.08,49.94,53.39,51.12,58.56,40.32,61.46,29,56,44,62,-4.14
2,1986,3,3,3,1,5,5,1,1,2,1,3,1,45.88,49.94,42.89,39.89,46.06,47.41,45.98,30,57,38,57,4.06
1,1988,2,3,5,1,9,9,1,1,2,1,5,2,47.93,49.94,56.01,51.12,55.44,54.5,45.98,29,56,37,66,2.01
2,1989,2,1,4,1,9,8,1,1,3,2,4,1,35.64,43.8,37.64,37.08,36.69,40.32,33.59,34,42,28,77,8.16
2,1985,3,3,2,1,9,9,1,1,3,2,4,2,39.73,43.8,42.89,39.89,39.81,40.32,39.78,26,55,42,58,4.07
2,1988,2,3,3,1,5,8,1,1,4,3,3,2,39.73,43.8,37.64,39.89,39.81,50.96,55.26,33,56,37,64,4.07
1,1988,2,2,2,1,9,7,1,1,3,1,4,1,35.64,43.8,37.64,45.51,36.69,43.87,39.78,29,58,47,56,8.16
1,1985,3,1,2,2,5,3,1,1,2,4,4,2,37.68,43.8,40.26,39.89,46.06,47.41,42.88,28,53,50,57,6.12
1,1987,2,5,3,1,5,5,1,1,3,1,3,2,60.23,43.8,71.76,65.17,49.19,54.5,58.36,23,66,71,49,-16.43
2,1987,2,3,1,1,4,4,1,6,3,4,4,3,47.93,49.94,45.51,51.12,49.19,40.32,49.07,27,51,61,54,2.01
1,1985,3,1,3,1,3,3,1,1,2,3,4,2,45.88,43.8,56.01,48.31,49.19,43.87,49.07,35,35,50,82,-2.08
2,1987,2,2,2,1,7,7,1,1,2,2,1,1,41.78,43.8,37.64,39.89,42.94,40.32,39.78,28,62,48,51,2.02
2,1987,2,1,2,1,5,5,1,1,3,2,3,2,45.88,49.94,40.26,42.7,46.06,54.5,39.78,32,55,44,65,4.06
1,1988,2,1,4,1,5,5,1,1,4,2,3,2,49.98,43.8,48.14,42.7,55.44,47.41,45.98,31,58,37,51,-6.18
2,1987,2,2,5,1,9,9,1,1,2,1,5,1,37.68,43.8,53.39,42.7,52.31,47.41,39.78,41,47,50,50,6.12
2,1985,3,4,1,1,5,5,1,1,2,1,1,4,80.72,56.07,58.64,59.55,64.81,65.14,80.03,25,59,45,49,-24.65
1,1986,3,2,2,5,5,5,1,1,4,2,3,2,41.78,43.8,45.51,51.12,55.44,58.05,49.07,29,47,44,62,2.02
2,1989,2,2,3,1,5,5,1,1,3,4,2,3,54.08,43.8,45.51,39.89,39.81,47.41,49.07,32,46,38,72,-10.28
1,1988,2,1,3,1,9,5,1,1,2,4,4,2,47.93,49.94,40.26,51.12,42.94,50.96,52.17,35,52,36,61,2.01
2,1987,2,3,2,1,5,3,1,1,3,3,4,3,56.13,43.8,56.01,53.93,46.06,61.6,55.26,32,63,57,66,-12.33
1,1989,2,2,4,1,5,5,1,2,3,3,3,2,41.78,43.8,37.64,45.51,42.94,43.87,39.78,36,41,29,72,2.02
1,1985,3,2,3,1,5,1,1,1,2,4,2,2,62.27,74.48,63.88,62.36,77.31,72.23,58.36,25,47,36,62,12.21
1,1988,2,1,2,1,9,9,1,3,3,1,4,1,39.73,43.8,37.64,45.51,42.94,43.87,39.78,22,32,27,73,4.07
1,1986,3,3,3,2,9,5,1,1,2,1,5,2,39.73,43.8,42.89,45.51,46.06,43.87,39.78,27,58,49,53,4.07
1,1984,3,3,3,3,5,5,1,2,4,1,3,3,58.18,49.94,45.51,65.17,46.06,47.41,55.26,34,35,24,80,-8.24
2,1986,3,1,2,1,5,5,1,1,2,4,3,1,43.83,43.8,42.89,39.89,42.94,43.87,39.78,27,56,42,53,-0.03
1,1987,2,3,2,1,1,5,1,1,3,4,5,2,39.73,43.8,37.64,42.7,39.81,40.32,42.88,27,51,39,66,4.07
1,1987,2,3,3,1,5,3,1,1,3,2,4,2,54.08,56.07,53.39,45.51,52.31,50.96,52.17,27,54,50,57,1.99
1,1988,2,3,4,1,9,5,1,1,3,1,3,2,58.18,43.8,45.51,51.12,55.44,58.05,61.46,29,53,25,72,-14.38
2,1989,2,4,2,1,1,5,1,5,4,4,1,1,43.83,43.8,42.89,39.89,61.69,47.41,33.59,27,55,30,45,-0.03
1,1987,2,3,1,1,3,5,1,1,3,2,3,2,56.13,49.94,48.14,48.31,46.06,54.5,52.17,26,54,43,59,-6.19
1,1988,2,2,3,1,7,5,1,1,4,1,3,1,39.73,43.8,37.64,37.08,36.69,43.87,39.78,32,31,24,90,4.07
2,1986,3,1,3,1,9,9,1,1,3,1,3,4,68.42,43.8,48.14,62.36,46.06,54.5,67.65,30,48,38,70,-24.62
2,1988,2,3,2,1,5,5,1,1,4,2,2,2,49.98,56.07,56.01,65.17,61.69,54.5,52.17,26,61,49,56,6.09
1,1986,3,5,3,1,5,3,1,1,2,4,3,3,58.18,74.48,69.13,65.17,67.94,61.6,67.65,30,54,40,60,16.3
2,1988,2,4,1,1,5,3,1,1,4,1,4,2,56.13,49.94,56.01,45.51,52.31,47.41,42.88,26,63,58,41,-6.19
1,1985,3,4,2,2,3,3,1,1,2,3,3,3,41.78,43.8,48.14,51.12,52.31,43.87,64.55,28,53,50,65,2.02
1,1988,2,4,2,1,1,1,1,1,3,4,3,2,52.03,43.8,45.51,53.93,64.81,61.6,58.36,23,61,60,49,-8.23
2,1989,2,2,1,1,5,5,1,4,3,3,4,2,52.03,49.94,42.89,37.08,46.06,47.41,45.98,27,62,49,42,-2.09
1,1985,3,3,2,1,5,3,1,4,2,4,3,3,68.42,49.94,61.26,56.74,49.19,47.41,64.55,32,51,33,69,-18.48
1,1987,2,1,3,1,9,9,1,1,2,2,5,2,43.83,43.8,48.14,48.31,42.94,47.41,45.98,32,41,23,73,-0.03
1,1988,2,4,1,2,2,1,1,1,3,4,3,2,52.03,43.8,50.76,53.93,71.06,47.41,52.17,31,51,32,56,-8.23
2,1986,3,2,2,1,5,5,1,2,3,4,4,1,60.23,68.34,56.01,42.7,58.56,72.23,36.69,25,56,58,53,8.11
1,1987,3,3,2,1,3,1,1,3,3,4,2,3,78.67,68.34,42.89,70.79,64.81,72.23,67.65,24,64,64,34,-10.33
1,1986,3,1,2,1,9,5,1,2,2,1,5,1,35.64,43.8,37.64,53.93,42.94,43.87,55.26,26,53,50,51,8.16
1,1987,2,2,2,1,7,1,1,1,3,1,3,2,43.83,43.8,48.14,42.7,42.94,54.5,45.98,27,51,42,62,-0.03
2,1989,2,4,2,1,1,5,1,5,3,4,4,1,35.64,43.8,45.51,37.08,42.94,40.32,39.78,33,50,35,61,8.16
1,1984,3,2,4,1,5,2,1,1,2,3,3,3,47.93,49.94,37.64,51.12,36.69,47.41,42.88,30,54,49,56,2.01
2,1985,3,5,3,1,9,5,1,3,4,2,2,3,52.03,43.8,56.01,42.7,61.69,43.87,55.26,29,57,43,52,-8.23
2,1988,2,4,2,1,5,5,1,1,3,3,3,1,41.78,43.8,40.26,39.89,46.06,43.87,36.69,27,53,45,57,2.02
2,1989,2,3,2,1,4,1,1,1,1,4,4,3,54.08,43.8,58.64,65.17,80.44,43.87,49.07,23,67,54,50,-10.28
1,1987,2,2,4,1,5,5,1,1,4,4,4,2,39.73,43.8,48.14,48.31,42.94,40.32,39.78,30,39,26,75,4.07
2,1984,3,3,2,1,5,5,1,1,4,3,3,3,56.13,43.8,48.14,62.36,52.31,40.32,80.03,40,53,28,71,-12.33
1,1986,3,2,2,1,1,1,1,1,3,4,3,3,68.42,43.8,48.14,56.74,58.56,50.96,58.36,28,63,35,43,-24.62
2,1988,2,4,3,1,5,5,1,1,3,2,2,4,60.23,49.94,56.01,65.17,71.06,40.32,52.17,25,50,47,57,-10.29
1,1987,2,3,2,1,5,3,1,1,3,4,3,3,58.18,43.8,74.38,53.93,80.44,40.32,58.36,32,60,48,50,-14.38
1,1987,2,2,3,1,7,5,1,2,3,4,4,2,49.98,43.8,45.51,56.74,46.06,50.96,42.88,24,61,32,56,-6.18
1,1987,2,1,2,1,5,5,1,1,2,4,3,2,74.57,62.21,71.76,79.21,58.56,61.6,76.93,34,58,28,54,-12.36
1,1988,2,3,5,1,5,5,1,1,3,1,5,1,49.98,43.8,50.76,37.08,74.19,47.41,42.88,31,58,30,61,-6.18
1,1987,2,2,2,1,4,5,1,1,3,2,3,2,56.13,43.8,45.51,56.74,55.44,50.96,42.88,35,42,27,66,-12.33
1,1989,2,3,1,1,4,4,1,4,3,4,1,3,54.08,80.61,61.26,65.17,71.06,50.96,67.65,34,67,54,67,26.53
2,1989,2,3,2,1,5,9,1,1,3,1,1,4,82.77,80.61,63.88,67.98,61.69,58.05,64.55,26,65,71,29,-2.16
1,1985,3,3,3,1,5,3,1,1,2,2,2,3,76.62,43.8,56.01,62.36,74.19,58.05,80.03,25,45,51,61,-32.82
1,1988,2,2,3,1,9,5,1,1,2,1,3,2,52.03,43.8,56.01,37.08,64.81,58.05,49.07,28,58,32,68,-8.23
1,1987,2,3,3,1,5,5,1,1,3,1,3,1,60.23,56.07,56.01,53.93,55.44,61.6,45.98,27,50,38,63,-4.16
2,1984,3,2,1,1,5,5,1,1,3,4,3,3,52.03,43.8,58.64,62.36,46.06,43.87,55.26,29,55,43,56,-8.23
1,1986,3,4,2,1,7,5,1,1,2,1,2,3,54.08,49.94,53.39,51.12,58.56,50.96,45.98,34,68,46,57,-4.14
1,1988,2,3,2,1,5,3,1,2,3,4,3,2,66.37,56.07,71.76,67.98,55.44,40.32,61.46,30,68,38,51,-10.3
1,1989,2,4,3,2,5,7,1,1,2,2,3,2,74.57,49.94,61.26,59.55,71.06,72.23,73.84,24,53,50,51,-24.63
1,1987,3,2,1,1,5,5,1,1,3,1,4,2,60.23,62.21,58.64,59.55,61.69,61.6,49.07,26,61,45,55,1.98
1,1985,3,1,2,1,3,5,1,1,2,4,3,3,68.42,56.07,63.88,65.17,58.56,47.41,70.74,31,54,44,58,-12.35
2,1986,3,2,2,1,2,5,1,1,3,4,4,2,43.83,43.8,45.51,45.51,42.94,43.87,39.78,26,55,32,50,-0.03
2,1985,3,3,2,3,3,3,2,0,3,1,3,2,60.23,74.48,69.13,62.36,67.94,72.23,70.74,27,60,53,60,14.25
1,1985,3,2,4,1,5,5,1,1,2,1,2,2,56.13,43.8,42.89,39.89,46.06,43.87,52.17,35,38,26,78,-12.33
2,1987,2,4,3,1,5,5,1,2,3,4,3,3,54.08,43.8,61.26,48.31,49.19,43.87,55.26,31,71,48,36,-10.28
1,1989,2,2,5,1,9,9,1,1,3,1,4,2,62.27,56.07,48.14,62.36,55.44,54.5,42.88,30,51,38,64,-6.2
1,1989,2,1,6,1,9,7,1,1,2,2,3,3,66.37,62.21,50.76,62.36,64.81,61.6,61.46,25,46,49,67,-4.16
1,1987,2,1,1,1,10,5,1,2,3,3,3,2,43.83,43.8,42.89,45.51,36.69,50.96,58.36,32,49,53,62,-0.03
2,1988,2,3,2,5,9,5,1,1,4,3,5,3,60.23,49.94,71.76,76.4,77.31,72.23,67.65,16,55,69,42,-10.29
1,1989,2,2,3,4,5,5,1,2,4,4,4,2,39.73,49.94,45.51,51.12,64.81,43.87,39.78,22,59,52,62,10.21
2,1988,2,2,3,1,5,1,1,1,3,4,2,2,56.13,43.8,45.51,45.51,58.56,47.41,55.26,33,49,34,68,-12.33
1,1989,2,1,3,1,9,9,1,2,4,1,5,1,35.64,43.8,37.64,37.08,36.69,40.32,33.59,26,53,50,51,8.16
1,1990,2,3,4,1,9,10,1,1,4,1,3,2,39.73,49.94,50.76,62.36,46.06,50.96,52.17,24,58,49,54,10.21
1,1988,2,3,3,1,5,1,1,1,3,3,4,2,66.37,56.07,37.64,42.7,67.94,40.32,45.98,24,41,34,76,-10.3
2,1988,2,3,2,1,3,3,1,1,3,4,2,2,47.93,43.8,45.51,39.89,42.94,43.87,49.07,27,58,39,55,-4.13
1,1989,2,3,2,1,5,5,1,2,4,2,2,1,49.98,49.94,50.76,39.89,58.56,54.5,52.17,38,45,31,75,-0.04
2,1988,2,2,3,1,5,5,1,3,2,1,3,2,43.83,43.8,37.64,42.7,39.81,43.87,42.88,32,59,32,66,-0.03
1,1987,3,5,2,1,11,9,1,4,1,1,2,2,58.18,68.34,53.39,53.93,58.56,65.14,52.17,27,57,55,64,10.16
1,1988,2,2,3,1,5,1,1,1,3,4,2,2,64.32,56.07,61.26,51.12,49.19,72.23,67.65,15,67,54,56,-8.25
2,1987,2,1,3,1,5,3,1,1,3,4,3,3,64.32,56.07,61.26,59.55,55.44,58.05,61.46,30,50,47,65,-8.25
1,1987,2,3,2,5,1,1,1,1,4,4,1,3,64.32,68.34,69.13,62.36,58.56,72.23,64.55,24,60,40,57,4.02
1,1988,2,1,3,1,5,5,1,1,2,4,3,3,60.23,49.94,63.88,53.93,52.31,61.6,49.07,31,54,50,60,-10.29
2,1987,2,4,2,1,5,3,1,1,4,2,3,3,62.27,43.8,37.64,45.51,52.31,50.96,42.88,32,48,38,75,-18.47
1,1985,3,3,4,1,5,5,1,2,2,2,3,2,76.62,68.34,48.14,56.74,61.69,65.14,55.26,33,65,36,49,-8.28
1,1987,2,3,4,1,7,7,1,3,3,1,2,1,62.27,62.21,56.01,67.98,55.44,72.23,64.55,27,56,49,57,-0.06
1,1987,2,5,2,1,1,5,1,1,2,4,3,2,56.13,49.94,74.38,53.93,55.44,54.5,52.17,26,65,41,58,-6.19
1,1986,3,3,4,1,9,9,1,1,2,4,2,2,62.27,68.34,61.26,59.55,58.56,50.96,67.65,26,53,50,51,6.07
2,1987,3,3,2,1,9,9,1,1,3,1,4,2,52.03,43.8,42.89,45.51,39.81,43.87,45.98,27,54,43,53,-8.23
1,1988,2,1,2,1,5,7,1,1,4,1,3,3,43.83,43.8,71.76,59.55,61.69,54.5,64.55,32,36,27,68,-0.03
1,1998,2,3,2,1,1,1,1,2,4,4,3,3,74.57,80.61,71.76,73.6,67.94,75.78,67.65,30,50,56,56,6.04
1,1988,2,3,3,1,3,3,1,1,2,1,4,3,47.93,49.94,42.89,51.12,61.69,43.87,52.17,31,49,30,56,2.01
2,1986,3,4,2,4,5,5,1,1,1,4,3,3,60.23,62.21,56.01,79.21,71.06,58.05,67.65,26,64,50,57,1.98
2,1987,2,3,3,1,5,7,1,1,2,3,2,1,47.93,43.8,42.89,45.51,52.31,47.41,42.88,30,49,30,67,-4.13
1,1989,2,1,4,1,5,5,1,2,2,1,3,2,35.64,43.8,37.64,37.08,36.69,40.32,39.78,26,53,50,51,8.16
1,1989,2,2,2,1,9,5,1,1,3,3,5,1,35.64,43.8,40.26,37.08,52.31,40.32,36.69,32,43,27,68,8.16
2,1985,3,4,2,1,9,5,1,1,4,2,1,3,58.18,49.94,53.39,59.55,61.69,43.87,64.55,31,56,28,60,-8.24
2,1984,3,2,3,1,5,3,1,1,4,2,4,3,60.23,62.21,53.39,56.74,46.06,61.6,55.26,27,53,51,58,1.98
1,1985,3,3,1,4,3,5,1,1,3,4,3,3,49.98,49.94,48.14,45.51,52.31,50.96,42.88,27,57,50,58,-0.04
2,1988,2,3,4,1,5,5,1,4,4,3,3,2,66.37,62.21,56.01,56.74,61.69,54.5,49.07,27,62,54,49,-4.16
1,1985,3,5,1,1,5,5,1,5,3,2,5,2,47.93,49.94,66.51,53.93,49.19,40.32,45.98,34,46,27,65,2.01
2,1988,2,4,1,1,5,4,1,1,3,1,5,3,41.78,43.8,50.76,39.89,61.69,40.32,45.98,33,38,27,68,2.02
2,1989,2,3,3,1,5,5,1,1,3,4,3,3,58.18,43.8,53.39,65.17,61.69,65.14,67.65,27,57,33,62,-14.38
1,1987,2,4,2,3,5,5,1,1,2,4,4,1,43.83,49.94,56.01,48.31,58.56,61.6,36.69,31,44,48,51,6.11
1,1988,2,3,3,1,5,5,1,2,3,4,4,1,45.88,43.8,50.76,45.51,46.06,43.87,36.69,28,56,53,62,-2.08
2,1988,2,2,4,1,5,5,1,1,2,4,3,3,56.13,43.8,53.39,53.93,39.81,58.05,61.46,25,59,51,54,-12.33
2,1987,3,1,4,1,7,7,1,5,3,2,4,3,58.18,62.21,66.51,67.98,61.69,75.78,55.26,34,51,48,62,4.03
2,1986,3,2,6,1,5,5,1,1,2,1,3,3,49.98,43.8,40.26,42.7,42.94,50.96,49.07,28,60,31,58,-6.18
1,1988,2,3,2,1,5,5,1,3,3,3,4,2,45.88,43.8,40.26,45.51,55.44,47.41,36.69,32,50,40,54,-2.08
1,1989,2,1,2,1,5,5,1,1,3,1,4,2,47.93,43.8,42.89,39.89,46.06,47.41,36.69,30,47,24,73,-4.13
2,1985,3,3,1,1,5,5,1,1,4,2,3,1,54.08,99.02,84.88,73.6,83.56,72.23,61.46,29,62,50,69,44.94
1,1987,3,3,2,1,6,5,1,2,2,3,2,3,47.93,43.8,53.39,51.12,42.94,43.87,61.46,29,59,28,58,-4.13
1,1986,3,4,4,1,5,4,1,2,2,1,3,2,39.73,43.8,37.64,37.08,42.94,43.87,36.69,30,40,36,75,4.07
2,1988,2,3,4,1,9,9,1,1,4,1,1,3,49.98,43.8,48.14,45.51,46.06,47.41,58.36,29,49,31,86,-6.18
2,1987,2,2,2,1,5,5,1,1,2,1,3,3,90.96,99.02,84.88,87.64,83.56,104.15,80.03,29,62,50,69,8.06
1,1988,2,2,1,1,5,5,1,1,2,2,2,2,76.62,86.75,71.76,76.4,77.31,97.06,67.65,25,56,51,64,10.13
2,1988,2,3,2,5,5,5,1,1,3,4,3,2,74.57,56.07,56.01,73.6,52.31,65.14,61.46,27,62,51,62,-18.5
2,1987,2,4,3,1,4,3,1,1,2,4,4,2,37.68,43.8,42.89,45.51,39.81,40.32,39.78,28,48,35,63,6.12
1,1985,3,1,5,1,2,2,1,1,3,3,4,1,45.88,43.8,40.26,48.31,46.06,47.41,45.98,33,58,25,60,-2.08
2,1987,2,3,2,2,5,5,1,1,3,1,2,4,84.82,68.34,61.26,73.6,80.44,65.14,64.55,28,57,44,67,-16.48
1,1985,3,5,1,3,7,5,1,1,4,4,5,1,43.83,49.94,48.14,37.08,49.19,50.96,49.07,30,46,53,48,6.11
1,1988,2,3,2,1,5,3,1,1,4,1,4,3,37.68,43.8,45.51,45.51,52.31,43.87,42.88,37,54,52,58,6.12
2,1984,3,3,3,3,3,5,1,1,2,4,4,1,39.73,49.94,42.89,39.89,55.44,43.87,36.69,26,59,44,64,10.21
2,1986,3,4,1,1,5,5,1,6,2,1,3,2,52.03,56.07,58.64,53.93,46.06,40.32,70.74,27,48,51,59,4.04
1,1985,3,1,2,1,5,5,1,1,2,3,2,3,54.08,43.8,48.14,45.51,39.81,40.32,64.55,40,35,53,51,-10.28
2,1985,3,3,4,1,3,1,1,1,3,1,4,2,37.68,43.8,37.64,39.89,39.81,43.87,45.98,34,44,21,66,6.12
1,1984,3,5,2,5,5,5,1,1,2,3,5,1,39.73,43.8,48.14,37.08,39.81,43.87,42.88,28,55,53,53,4.07
2,1987,2,2,3,1,9,10,1,1,1,1,3,1,45.88,43.8,45.51,51.12,39.81,50.96,52.17,27,43,40,62,-2.08
1,1986,3,3,3,1,5,5,1,1,3,2,3,3,68.42,49.94,58.64,53.93,61.69,47.41,52.17,33,56,27,56,-18.48
1,1987,2,1,6,1,5,5,1,1,1,1,5,1,35.64,43.8,37.64,37.08,36.69,40.32,33.59,26,53,50,92,8.16
1,1987,2,2,2,1,5,5,1,1,2,4,3,3,54.08,49.94,42.89,42.7,46.06,58.05,45.98,28,52,39,54,-4.14
1,1988,2,4,1,1,10,5,1,2,3,1,3,3,47.93,56.07,56.01,53.93,61.69,54.5,45.98,25,62,53,58,8.14
2,1985,3,4,2,1,5,1,1,1,3,4,2,2,56.13,49.94,42.89,51.12,39.81,50.96,55.26,28,51,39,55,-6.19
2,1986,3,3,6,1,5,3,1,1,3,2,3,2,41.78,56.07,56.01,56.74,42.94,58.05,49.07,36,61,51,57,14.29
1,1987,2,4,3,2,5,9,1,1,3,4,1,2,74.57,56.07,42.89,67.98,58.56,65.14,49.07,27,71,34,42,-18.5
2,1988,2,3,4,1,5,5,1,1,2,3,2,2,62.27,49.94,42.89,51.12,52.31,61.6,52.17,21,54,43,56,-12.33
1,1988,2,1,3,1,5,5,1,1,3,4,4,1,49.98,56.07,50.76,51.12,52.31,47.41,49.07,29,48,40,60,6.09
1,1985,3,2,6,1,9,7,1,1,2,2,3,2,66.37,49.94,58.64,56.74,61.69,61.6,58.36,36,54,35,61,-16.43
1,1986,3,4,3,1,5,5,1,2,3,4,4,2,58.18,43.8,53.39,51.12,58.56,50.96,42.88,32,52,44,61,-14.38
2,1984,3,3,2,1,5,3,1,1,3,4,3,3,62.27,43.8,50.76,51.12,61.69,50.96,58.36,44,39,26,78,-18.47
1,1988,2,2,1,1,5,5,1,1,4,3,3,2,64.32,56.07,56.01,48.31,46.06,75.78,55.26,21,52,48,56,-8.25
2,1987,2,1,2,1,10,5,1,1,3,1,5,1,39.73,43.8,42.89,48.31,46.06,40.32,39.78,42,36,24,85,4.07
2,1989,2,4,1,2,5,5,1,3,2,2,1,2,62.27,62.21,53.39,59.55,52.31,65.14,52.17,27,56,51,56,-0.06
2,1987,2,2,6,1,5,9,1,1,3,1,3,2,45.88,56.07,45.51,53.93,52.31,58.05,67.65,37,49,44,57,10.19
1,1988,2,4,1,3,3,3,1,2,3,2,3,3,58.18,49.94,37.64,39.89,58.56,65.14,52.17,31,45,36,67,-8.24
1,1986,3,2,2,1,5,5,1,1,3,2,2,3,70.47,43.8,45.51,76.4,80.44,54.5,64.55,26,49,25,51,-26.67
2,1984,3,2,3,1,5,5,1,2,4,1,5,1,35.64,43.8,37.64,37.08,39.81,40.32,39.78,38,46,25,71,8.16
1,1987,2,3,2,1,5,5,1,1,2,2,3,2,72.52,62.21,84.88,73.6,64.81,68.69,55.26,25,59,49,52,-10.31
2,1989,2,3,3,1,9,9,1,1,4,2,4,2,66.37,62.21,58.64,65.17,55.44,68.69,58.36,27,56,48,63,-4.16
1,1987,2,2,4,1,9,5,1,1,3,2,3,2,37.68,43.8,40.26,42.7,46.06,43.87,49.07,38,48,38,69,6.12
2,1988,2,2,2,1,5,5,1,4,3,2,3,2,43.83,43.8,40.26,39.89,42.94,40.32,49.07,36,40,24,70,-0.03
1,1986,3,1,1,4,1,3,1,1,2,4,3,3,76.62,43.8,63.88,73.6,77.31,50.96,55.26,24,57,60,63,-32.82
2,1987,2,3,2,2,2,9,1,1,3,3,1,3,72.52,49.94,42.89,53.93,46.06,58.05,45.98,30,50,44,63,-22.58
2,1987,2,4,4,1,5,5,1,1,3,2,3,3,58.18,49.94,48.14,48.31,46.06,61.6,61.46,26,43,55,54,-8.24
1,1988,2,5,5,1,9,5,1,6,4,2,4,2,35.64,43.8,37.64,37.08,36.69,40.32,33.59,26,53,50,51,8.16
1,1985,3,4,3,1,3,3,1,2,3,3,3,2,39.73,43.8,45.51,48.31,52.31,43.87,42.88,29,51,33,54,4.07
2,1989,2,3,1,1,5,3,1,1,3,4,3,2,43.83,43.8,48.14,48.31,49.19,54.5,42.88,27,55,47,57,-0.03
1,1986,3,4,2,1,5,5,1,2,4,4,4,1,39.73,43.8,45.51,45.51,77.31,47.41,33.59,31,58,38,47,4.07
1,1988,2,3,6,1,11,9,1,1,3,1,2,2,37.68,43.8,66.51,39.89,49.19,40.32,49.07,34,57,49,55,6.12
1,1987,2,3,3,1,5,5,1,1,3,3,3,3,54.08,43.8,42.89,42.7,52.31,43.87,49.07,29,44,35,70,-10.28
1,1989,2,3,6,1,5,3,1,1,4,1,3,2,35.64,43.8,37.64,39.89,46.06,40.32,39.78,28,46,50,51,8.16
1,1984,3,2,3,2,5,5,1,3,2,4,4,2,52.03,43.8,40.26,45.51,39.81,40.32,52.17,30,54,48,67,-8.23
2,1988,2,2,5,1,2,2,1,1,3,4,4,2,52.03,43.8,45.51,42.7,42.94,40.32,45.98,34,54,33,62,-8.23
2,1998,2,2,4,1,7,5,1,1,3,2,4,2,66.37,80.61,48.14,53.93,36.69,47.41,61.46,14,56,49,64,14.24
1,1989,2,3,2,1,9,5,1,1,3,2,3,3,49.98,74.48,61.26,51.12,55.44,68.69,49.07,24,61,52,59,24.5
2,1987,2,2,2,1,9,5,1,1,4,2,3,2,41.78,43.8,53.39,48.31,58.56,54.5,49.07,23,58,52,62,2.02
1,1986,3,1,2,1,9,3,1,1,3,2,3,3,52.03,49.94,58.64,70.79,55.44,58.05,67.65,30,63,52,60,-2.09
2,1989,2,2,1,2,5,5,1,1,4,1,3,2,54.08,68.34,53.39,48.31,52.31,47.41,49.07,35,59,28,65,14.26
1,1987,3,2,2,1,4,3,1,3,2,4,3,3,56.13,43.8,42.89,45.51,42.94,47.41,55.26,30,54,41,58,-12.33
1,1985,3,2,5,1,9,9,1,1,2,1,4,1,39.73,43.8,48.14,42.7,52.31,43.87,36.69,34,62,28,73,4.07
2,1990,2,3,2,2,7,5,1,1,3,1,4,1,35.64,43.8,37.64,37.08,39.81,40.32,33.59,28,33,34,81,8.16
2,1986,3,3,1,4,3,2,1,1,2,3,2,2,52.03,43.8,42.89,51.12,49.19,43.87,67.65,28,48,38,63,-8.23
2,1987,2,1,1,1,11,11,1,1,2,1,3,4,62.27,49.94,58.64,62.36,74.19,54.5,73.84,32,50,45,65,-12.33
2,1989,2,2,5,1,9,5,1,1,3,1,3,2,35.64,43.8,42.89,48.31,42.94,47.41,36.69,30,58,50,52,8.16
